ImageId,Real Number,Predicted Number
0,0,0
1,4,4
2,0,0
3,3,3
4,7,7
5,7,7
6,9,9
7,4,4
8,8,8
9,7,7
10,8,8
11,1,1
12,1,1
13,8,8
14,8,8
15,3,3
16,6,6
17,6,6
18,4,4
19,1,1
20,1,1
21,2,2
22,5,5
23,2,2
24,5,5
25,9,9
26,2,2
27,1,1
28,9,9
29,8,8
30,6,6
31,3,3
32,7,7
33,9,9
34,7,7
35,3,3
36,6,6
37,9,9
38,1,1
39,2,2
40,1,1
41,4,4
42,9,9
43,1,1
44,7,7
45,0,0
46,1,1
47,8,8
48,3,3
49,6,6
50,0,0
51,9,9
52,2,2
53,3,3
54,5,5
55,1,1
56,5,5
57,1,1
58,6,6
59,5,5
60,2,2
61,8,8
62,2,2
63,1,1
64,1,1
65,3,3
66,7,7
67,9,9
68,7,7
69,7,7
70,8,8
71,1,1
72,1,1
73,7,7
74,7,7
75,9,9
76,4,4
77,4,4
78,6,6
79,2,2
80,8,8
81,2,2
82,0,0
83,1,1
84,6,6
85,3,3
86,1,1
87,9,9
88,4,4
89,0,0
90,4,4
91,4,4
92,1,1
93,6,6
94,6,6
95,5,5
96,0,0
97,9,9
98,5,5
99,8,8
100,0,0
101,7,7
102,5,5
103,6,6
104,2,2
105,8,8
106,1,1
107,0,0
108,4,4
109,1,1
110,6,6
111,4,4
112,2,2
113,5,5
114,4,4
115,3,3
116,9,9
117,8,8
118,4,4
119,1,1
120,1,1
121,0,0
122,8,8
123,2,2
124,9,9
125,7,7
126,6,6
127,2,2
128,2,2
129,5,5
130,5,5
131,5,5
132,5,5
133,7,7
134,9,9
135,0,0
136,6,6
137,3,3
138,1,1
139,7,7
140,4,4
141,9,9
142,9,9
143,6,6
144,6,6
145,2,2
146,8,8
147,1,1
148,9,9
149,0,0
150,3,3
151,1,1
152,6,6
153,0,0
154,7,7
155,6,6
156,1,1
157,2,2
158,0,0
159,1,1
160,4,4
161,0,0
162,4,4
163,8,9
164,7,7
165,2,2
166,0,0
167,4,4
168,9,9
169,0,0
170,9,9
171,9,9
172,7,7
173,5,5
174,8,8
175,5,5
176,3,3
177,1,1
178,6,6
179,9,9
180,8,8
181,8,8
182,0,0
183,4,4
184,0,0
185,4,4
186,0,0
187,2,2
188,8,8
189,3,3
190,4,4
191,5,5
192,2,2
193,8,8
194,1,1
195,2,2
196,7,7
197,7,7
198,1,1
199,8,8
200,6,6
201,5,5
202,1,1
203,9,9
204,2,2
205,7,7
206,5,5
207,6,6
208,9,9
209,6,6
210,2,2
211,6,6
212,0,0
213,3,3
214,6,6
215,1,1
216,1,1
217,3,3
218,7,7
219,7,7
220,6,6
221,5,5
222,9,9
223,8,8
224,6,6
225,5,5
226,5,5
227,4,4
228,4,4
229,0,0
230,4,4
231,3,3
232,4,4
233,8,8
234,6,6
235,0,0
236,8,8
237,0,0
238,4,4
239,9,9
240,9,9
241,6,6
242,2,2
243,1,1
244,5,5
245,7,7
246,1,1
247,2,2
248,0,0
249,2,2
250,7,7
251,2,2
252,4,4
253,9,9
254,1,1
255,7,7
256,4,4
257,5,5
258,7,7
259,0,0
260,5,5
261,0,0
262,9,9
263,1,1
264,5,5
265,5,5
266,1,1
267,5,5
268,9,9
269,7,7
270,4,4
271,5,5
272,3,3
273,0,0
274,2,2
275,5,5
276,3,3
277,5,5
278,9,9
279,6,6
280,3,3
281,1,1
282,9,9
283,7,7
284,4,4
285,7,7
286,2,2
287,1,1
288,1,1
289,7,7
290,1,1
291,5,5
292,3,3
293,9,9
294,1,1
295,1,1
296,8,8
297,9,9
298,8,8
299,4,4
300,1,1
301,3,3
302,3,3
303,1,1
304,1,1
305,8,8
306,8,8
307,3,3
308,5,5
309,9,9
310,5,5
311,7,7
312,3,3
313,2,2
314,9,9
315,5,5
316,8,8
317,1,1
318,3,3
319,3,3
320,3,3
321,1,1
322,8,8
323,4,4
324,9,9
325,2,2
326,1,1
327,9,9
328,1,1
329,2,2
330,4,4
331,1,1
332,0,0
333,3,3
334,0,0
335,0,0
336,9,9
337,0,0
338,2,2
339,6,6
340,0,0
341,6,6
342,9,9
343,6,6
344,2,2
345,3,3
346,0,0
347,7,7
348,8,8
349,7,7
350,7,7
351,9,9
352,0,0
353,4,4
354,6,6
355,1,1
356,9,9
357,6,6
358,0,0
359,9,9
360,0,0
361,4,4
362,1,1
363,9,9
364,3,3
365,5,5
366,2,2
367,3,3
368,0,0
369,4,4
370,1,1
371,6,6
372,6,6
373,7,7
374,1,1
375,1,1
376,2,2
377,4,4
378,8,8
379,1,1
380,7,7
381,2,2
382,9,9
383,3,3
384,3,3
385,8,8
386,6,6
387,5,5
388,0,0
389,3,3
390,4,4
391,5,5
392,8,8
393,1,1
394,5,5
395,3,3
396,4,4
397,6,6
398,3,3
399,9,9
400,4,4
401,6,6
402,7,7
403,0,0
404,2,2
405,3,3
406,9,9
407,8,8
408,6,6
409,2,2
410,1,1
411,9,9
412,0,0
413,8,8
414,5,5
415,0,0
416,2,2
417,5,5
418,3,3
419,9,9
420,7,7
421,7,7
422,8,8
423,0,0
424,7,7
425,7,7
426,9,9
427,1,1
428,7,7
429,5,5
430,1,1
431,1,1
432,5,5
433,3,3
434,9,9
435,6,6
436,3,3
437,1,1
438,4,4
439,0,0
440,0,0
441,4,4
442,7,7
443,3,3
444,8,8
445,5,5
446,4,4
447,3,3
448,5,5
449,8,8
450,1,1
451,0,0
452,0,0
453,4,4
454,1,1
455,8,8
456,8,8
457,5,5
458,9,9
459,5,5
460,6,1
461,2,2
462,7,7
463,8,8
464,6,6
465,5,5
466,4,4
467,0,0
468,9,9
469,0,0
470,7,7
471,3,3
472,7,7
473,7,7
474,1,1
475,7,7
476,9,9
477,8,8
478,0,0
479,1,1
480,3,3
481,9,9
482,2,2
483,2,2
484,6,6
485,3,3
486,3,3
487,1,1
488,8,8
489,1,1
490,1,1
491,4,4
492,7,7
493,2,2
494,8,8
495,8,8
496,2,2
497,7,7
498,6,4
499,9,9
500,6,6
501,1,1
502,2,2
503,2,2
504,3,3
505,7,7
506,1,1
507,8,8
508,6,6
509,6,6
510,0,0
511,0,0
512,0,0
513,7,7
514,8,8
515,7,7
516,5,5
517,1,1
518,8,8
519,4,4
520,9,9
521,5,5
522,7,7
523,6,6
524,9,9
525,2,2
526,3,3
527,6,6
528,5,5
529,1,1
530,8,8
531,6,6
532,0,0
533,1,1
534,6,6
535,8,8
536,8,8
537,6,6
538,9,9
539,1,1
540,8,8
541,2,2
542,0,0
543,7,1
544,1,1
545,8,8
546,9,9
547,3,3
548,1,1
549,1,1
550,6,6
551,1,1
552,0,0
553,2,2
554,6,6
555,1,1
556,9,9
557,7,7
558,7,7
559,2,2
560,1,1
561,9,9
562,3,3
563,8,8
564,8,1
565,4,4
566,6,6
567,1,1
568,8,8
569,8,8
570,3,3
571,7,7
572,5,5
573,5,5
574,6,6
575,0,0
576,1,1
577,6,6
578,8,8
579,1,1
580,5,5
581,5,5
582,9,9
583,6,6
584,2,2
585,4,4
586,9,9
587,5,5
588,3,3
589,6,6
590,1,1
591,8,8
592,8,8
593,9,9
594,0,0
595,8,8
596,2,2
597,3,3
598,3,3
599,8,8
600,1,1
601,9,9
602,9,9
603,3,3
604,3,3
605,6,6
606,8,8
607,5,5
608,8,8
609,5,5
610,2,2
611,6,6
612,1,1
613,3,3
614,2,2
615,3,3
616,3,3
617,9,9
618,4,4
619,9,9
620,6,6
621,8,8
622,9,9
623,0,0
624,7,7
625,1,1
626,0,0
627,0,0
628,4,4
629,1,1
630,0,0
631,4,4
632,3,3
633,5,5
634,1,1
635,9,9
636,2,2
637,9,9
638,2,2
639,4,4
640,3,3
641,0,0
642,1,1
643,8,8
644,1,1
645,4,4
646,9,9
647,1,1
648,8,8
649,3,3
650,7,7
651,5,5
652,7,7
653,9,9
654,5,5
655,0,0
656,8,8
657,8,8
658,5,5
659,6,6
660,1,1
661,8,8
662,6,6
663,7,7
664,8,8
665,1,1
666,8,8
667,2,2
668,6,6
669,8,8
670,6,6
671,9,9
672,9,9
673,7,7
674,5,5
675,2,2
676,1,1
677,3,3
678,4,4
679,9,9
680,6,6
681,9,9
682,4,4
683,0,0
684,8,8
685,2,2
686,7,7
687,4,4
688,1,1
689,7,7
690,0,0
691,2,2
692,3,3
693,9,9
694,7,7
695,7,7
696,6,6
697,6,6
698,6,6
699,3,3
700,3,3
701,6,6
702,3,3
703,7,2
704,9,9
705,5,5
706,3,3
707,4,4
708,6,6
709,4,4
710,7,7
711,8,8
712,7,7
713,3,3
714,1,1
715,9,9
716,6,6
717,0,0
718,4,4
719,0,0
720,4,4
721,2,2
722,5,5
723,4,4
724,2,2
725,7,7
726,1,1
727,4,4
728,6,6
729,9,9
730,5,5
731,4,4
732,1,1
733,8,8
734,6,6
735,3,8
736,3,3
737,2,2
738,5,5
739,8,8
740,3,3
741,8,8
742,9,9
743,4,4
744,8,8
745,3,3
746,7,7
747,0,0
748,9,9
749,9,9
750,1,1
751,4,4
752,9,9
753,5,5
754,3,3
755,3,3
756,3,3
757,1,1
758,3,3
759,6,6
760,3,3
761,8,8
762,1,1
763,1,1
764,6,6
765,1,1
766,9,9
767,7,7
768,6,6
769,1,1
770,9,9
771,2,2
772,4,4
773,0,0
774,1,1
775,2,2
776,3,3
777,7,7
778,8,8
779,6,6
780,6,6
781,8,8
782,7,7
783,1,1
784,9,9
785,7,7
786,2,2
787,1,1
788,3,3
789,4,4
790,6,6
791,2,2
792,5,5
793,5,5
794,2,2
795,1,1
796,4,4
797,4,4
798,2,2
799,4,4
800,2,2
801,4,4
802,9,9
803,2,2
804,9,9
805,6,6
806,9,9
807,1,1
808,8,8
809,5,5
810,9,9
811,3,3
812,8,8
813,1,1
814,9,9
815,1,1
816,1,1
817,5,5
818,5,5
819,6,6
820,9,9
821,6,6
822,1,1
823,0,0
824,4,4
825,6,6
826,3,3
827,9,9
828,6,6
829,4,4
830,4,4
831,1,1
832,8,8
833,6,6
834,1,1
835,9,9
836,5,5
837,6,6
838,4,4
839,6,6
840,3,3
841,8,8
842,5,5
843,0,0
844,4,4
845,1,1
846,0,0
847,7,7
848,5,4
849,4,4
850,5,5
851,7,7
852,0,0
853,6,6
854,3,3
855,7,7
856,1,1
857,0,0
858,6,6
859,3,3
860,9,9
861,8,8
862,6,6
863,8,8
864,9,9
865,6,6
866,8,8
867,6,6
868,1,1
869,1,1
870,8,8
871,3,3
872,5,5
873,6,6
874,7,7
875,1,1
876,2,2
877,6,6
878,5,6
879,2,2
880,3,3
881,9,9
882,4,4
883,6,8
884,1,1
885,5,5
886,1,1
887,0,0
888,1,1
889,6,6
890,4,4
891,6,6
892,9,8
893,5,5
894,3,9
895,0,0
896,2,2
897,7,7
898,6,6
899,7,7
900,8,8
901,5,5
902,5,5
903,6,6
904,6,6
905,0,0
906,5,5
907,2,2
908,7,7
909,8,8
910,3,3
911,7,7
912,1,1
913,2,2
914,3,3
915,8,8
916,8,8
917,7,7
918,4,4
919,0,0
920,4,4
921,1,1
922,7,7
923,0,0
924,9,9
925,2,2
926,1,1
927,5,5
928,8,8
929,8,8
930,5,5
931,1,1
932,9,9
933,4,4
934,2,2
935,9,9
936,7,7
937,7,7
938,2,2
939,0,0
940,9,9
941,7,7
942,1,1
943,7,7
944,3,3
945,7,7
946,5,5
947,1,1
948,7,7
949,8,8
950,6,6
951,8,8
952,9,9
953,6,6
954,6,6
955,5,5
956,0,0
957,7,7
958,3,3
959,0,0
960,7,7
961,5,5
962,2,2
963,3,3
964,7,7
965,5,5
966,4,4
967,1,1
968,7,7
969,9,9
970,6,6
971,0,0
972,3,3
973,9,9
974,2,2
975,5,5
976,0,0
977,0,0
978,8,8
979,9,9
980,2,2
981,1,1
982,1,1
983,5,5
984,7,7
985,3,3
986,4,4
987,3,3
988,9,9
989,4,4
990,5,5
991,8,8
992,3,3
993,1,1
994,7,7
995,7,7
996,3,3
997,2,2
998,5,5
999,0,0
1000,4,4
1001,0,0
1002,5,5
1003,1,1
1004,6,6
1005,6,6
1006,4,4
1007,0,0
1008,3,3
1009,2,2
1010,4,4
1011,2,2
1012,3,3
1013,5,5
1014,0,0
1015,1,1
1016,7,7
1017,1,1
1018,9,9
1019,8,8
1020,2,2
1021,3,8
1022,1,1
1023,8,8
1024,6,6
1025,8,8
1026,2,2
1027,0,0
1028,7,7
1029,0,0
1030,5,6
1031,8,8
1032,1,1
1033,3,3
1034,3,3
1035,9,9
1036,5,5
1037,6,6
1038,1,1
1039,4,4
1040,4,4
1041,3,3
1042,0,0
1043,6,6
1044,2,2
1045,0,0
1046,1,1
1047,9,9
1048,4,4
1049,1,1
1050,5,5
1051,7,7
1052,0,0
1053,3,3
1054,3,3
1055,9,9
1056,8,8
1057,1,1
1058,7,7
1059,5,5
1060,7,7
1061,9,9
1062,6,6
1063,4,4
1064,1,1
1065,5,5
1066,6,6
1067,9,9
1068,1,1
1069,2,2
1070,6,6
1071,4,1
1072,8,8
1073,8,8
1074,5,5
1075,9,9
1076,0,0
1077,9,9
1078,0,0
1079,3,3
1080,7,7
1081,0,0
1082,7,7
1083,8,8
1084,5,5
1085,0,0
1086,3,3
1087,9,9
1088,6,6
1089,4,4
1090,8,8
1091,6,6
1092,1,1
1093,6,6
1094,4,4
1095,1,1
1096,5,5
1097,1,1
1098,7,7
1099,5,5
1100,1,1
1101,6,6
1102,9,9
1103,0,0
1104,3,3
1105,0,0
1106,5,5
1107,8,8
1108,7,7
1109,4,4
1110,9,9
1111,5,5
1112,3,3
1113,9,9
1114,5,5
1115,4,1
1116,2,2
1117,6,6
1118,1,1
1119,6,6
1120,0,0
1121,4,4
1122,5,5
1123,9,9
1124,8,8
1125,9,9
1126,7,7
1127,5,5
1128,7,7
1129,7,7
1130,5,5
1131,6,6
1132,0,0
1133,4,4
1134,9,9
1135,8,8
1136,0,0
1137,8,8
1138,8,8
1139,1,1
1140,7,7
1141,4,4
1142,8,8
1143,9,9
1144,7,7
1145,6,6
1146,8,8
1147,2,2
1148,9,9
1149,7,7
1150,4,4
1151,2,2
1152,6,6
1153,1,1
1154,3,3
1155,5,5
1156,3,3
1157,6,6
1158,8,8
1159,7,7
1160,7,7
1161,9,9
1162,9,9
1163,5,5
1164,3,3
1165,5,5
1166,2,2
1167,7,7
1168,4,4
1169,4,4
1170,5,5
1171,7,7
1172,4,4
1173,1,1
1174,0,0
1175,1,1
1176,0,0
1177,6,6
1178,7,7
1179,8,8
1180,0,0
1181,4,4
1182,6,6
1183,9,9
1184,8,8
1185,4,4
1186,4,4
1187,9,9
1188,9,9
1189,5,5
1190,0,0
1191,3,3
1192,5,5
1193,2,2
1194,1,1
1195,2,2
1196,0,0
1197,6,6
1198,8,8
1199,2,2
1200,6,6
1201,2,2
1202,8,8
1203,0,0
1204,8,8
1205,9,9
1206,2,2
1207,2,2
1208,5,5
1209,3,3
1210,0,0
1211,9,9
1212,9,9
1213,2,2
1214,1,1
1215,8,8
1216,4,4
1217,0,0
1218,3,3
1219,8,8
1220,2,2
1221,2,2
1222,8,8
1223,4,4
1224,9,9
1225,8,8
1226,5,5
1227,1,1
1228,7,7
1229,1,1
1230,5,5
1231,6,6
1232,5,5
1233,8,8
1234,7,7
1235,5,5
1236,2,2
1237,8,8
1238,5,5
1239,0,0
1240,5,5
1241,3,3
1242,3,3
1243,8,8
1244,5,5
1245,3,3
1246,6,6
1247,8,8
1248,3,3
1249,2,2
1250,1,1
1251,9,9
1252,4,4
1253,2,2
1254,1,1
1255,3,8
1256,8,8
1257,3,3
1258,6,6
1259,3,3
1260,2,2
1261,7,7
1262,9,9
1263,1,1
1264,2,2
1265,4,4
1266,2,2
1267,1,1
1268,9,9
1269,6,6
1270,7,7
1271,7,7
1272,1,1
1273,0,0
1274,1,1
1275,5,5
1276,1,1
1277,9,9
1278,3,3
1279,0,0
1280,2,2
1281,7,7
1282,0,0
1283,2,2
1284,9,9
1285,7,7
1286,3,3
1287,0,0
1288,7,7
1289,4,4
1290,8,8
1291,9,9
1292,3,3
1293,9,9
1294,6,6
1295,9,9
1296,1,1
1297,6,6
1298,0,0
1299,7,7
1300,3,3
1301,7,7
1302,9,9
1303,9,9
1304,0,0
1305,3,3
1306,9,9
1307,1,1
1308,3,3
1309,6,6
1310,9,9
1311,4,4
1312,0,0
1313,8,8
1314,3,3
1315,6,6
1316,5,5
1317,8,8
1318,5,5
1319,3,3
1320,1,1
1321,1,1
1322,2,2
1323,7,7
1324,6,6
1325,3,2
1326,9,9
1327,2,2
1328,0,6
1329,3,3
1330,7,7
1331,1,1
1332,1,1
1333,9,9
1334,3,3
1335,0,0
1336,9,9
1337,8,8
1338,7,7
1339,9,9
1340,4,4
1341,5,5
1342,0,0
1343,5,8
1344,4,4
1345,3,3
1346,5,5
1347,5,5
1348,9,9
1349,1,1
1350,9,9
1351,3,3
1352,2,2
1353,3,3
1354,6,6
1355,8,8
1356,6,6
1357,3,3
1358,6,6
1359,1,1
1360,7,7
1361,6,6
1362,7,7
1363,1,1
1364,8,8
1365,9,9
1366,6,6
1367,8,8
1368,8,8
1369,1,1
1370,6,6
1371,6,6
1372,9,4
1373,8,8
1374,3,3
1375,4,4
1376,5,5
1377,7,7
1378,8,8
1379,0,0
1380,3,3
1381,2,2
1382,9,9
1383,8,8
1384,8,8
1385,7,7
1386,0,0
1387,5,5
1388,1,1
1389,7,7
1390,7,7
1391,6,6
1392,2,2
1393,8,8
1394,3,3
1395,7,7
1396,5,5
1397,3,3
1398,7,7
1399,5,5
1400,4,4
1401,2,2
1402,2,2
1403,4,4
1404,2,2
1405,1,1
1406,8,8
1407,5,5
1408,7,7
1409,0,0
1410,3,3
1411,9,9
1412,2,2
1413,5,5
1414,9,9
1415,3,3
1416,1,1
1417,0,0
1418,5,5
1419,0,0
1420,5,5
1421,5,5
1422,1,1
1423,7,7
1424,3,3
1425,9,9
1426,5,5
1427,2,2
1428,1,1
1429,4,4
1430,3,3
1431,5,5
1432,3,3
1433,7,7
1434,3,3
1435,1,1
1436,1,1
1437,5,8
1438,6,6
1439,1,1
1440,0,0
1441,0,0
1442,8,8
1443,5,5
1444,8,8
1445,6,6
1446,2,2
1447,4,4
1448,0,0
1449,0,0
1450,0,0
1451,6,6
1452,1,1
1453,5,5
1454,2,2
1455,2,2
1456,8,8
1457,0,0
1458,9,9
1459,4,4
1460,9,9
1461,4,4
1462,8,8
1463,0,0
1464,2,2
1465,9,9
1466,7,7
1467,7,7
1468,0,0
1469,3,3
1470,2,2
1471,1,1
1472,4,4
1473,2,2
1474,2,2
1475,6,6
1476,7,7
1477,9,9
1478,9,9
1479,0,0
1480,6,6
1481,3,3
1482,3,3
1483,6,6
1484,7,7
1485,3,3
1486,5,5
1487,7,7
1488,9,9
1489,3,3
1490,5,5
1491,3,3
1492,9,9
1493,2,2
1494,8,8
1495,0,0
1496,2,2
1497,8,8
1498,2,2
1499,9,9
1500,5,5
1501,8,8
1502,2,2
1503,2,2
1504,5,5
1505,4,9
1506,2,2
1507,5,5
1508,3,7
1509,5,5
1510,4,4
1511,0,0
1512,8,8
1513,9,9
1514,5,5
1515,5,5
1516,3,3
1517,7,7
1518,4,1
1519,0,0
1520,1,1
1521,1,1
1522,7,7
1523,7,7
1524,9,9
1525,1,1
1526,5,5
1527,3,3
1528,1,1
1529,7,7
1530,1,1
1531,0,0
1532,5,5
1533,3,3
1534,4,4
1535,6,6
1536,3,3
1537,6,6
1538,7,7
1539,7,7
1540,2,2
1541,4,4
1542,3,3
1543,2,2
1544,6,6
1545,2,2
1546,8,8
1547,2,2
1548,7,7
1549,6,6
1550,1,1
1551,4,4
1552,6,6
1553,9,9
1554,6,6
1555,2,2
1556,6,6
1557,6,6
1558,2,2
1559,3,3
1560,9,9
1561,6,6
1562,5,5
1563,2,2
1564,0,0
1565,5,5
1566,6,6
1567,7,7
1568,1,1
1569,3,3
1570,1,1
1571,2,2
1572,6,6
1573,8,8
1574,7,7
1575,0,0
1576,0,0
1577,9,9
1578,7,7
1579,9,9
1580,1,1
1581,7,7
1582,7,7
1583,5,5
1584,6,6
1585,3,3
1586,8,8
1587,7,7
1588,5,5
1589,7,7
1590,8,8
1591,9,9
1592,0,0
1593,0,0
1594,8,8
1595,8,8
1596,8,8
1597,7,7
1598,5,5
1599,8,8
1600,9,9
1601,7,7
1602,6,6
1603,0,0
1604,9,9
1605,8,8
1606,2,2
1607,2,2
1608,3,3
1609,2,2
1610,0,0
1611,9,9
1612,3,3
1613,2,2
1614,6,6
1615,1,1
1616,9,9
1617,6,6
1618,5,5
1619,0,0
1620,3,3
1621,4,4
1622,0,0
1623,6,6
1624,0,0
1625,2,2
1626,1,1
1627,2,2
1628,2,2
1629,2,2
1630,8,8
1631,1,1
1632,9,9
1633,7,7
1634,5,5
1635,3,8
1636,0,0
1637,6,6
1638,2,2
1639,4,4
1640,4,4
1641,3,3
1642,4,4
1643,5,5
1644,7,7
1645,3,3
1646,5,5
1647,9,9
1648,0,0
1649,4,4
1650,4,4
1651,0,0
1652,9,9
1653,3,3
1654,2,2
1655,5,5
1656,3,3
1657,0,0
1658,9,9
1659,1,1
1660,6,6
1661,5,5
1662,2,2
1663,8,8
1664,5,5
1665,3,3
1666,1,1
1667,1,1
1668,9,9
1669,7,7
1670,4,4
1671,7,7
1672,5,5
1673,0,0
1674,8,8
1675,5,5
1676,9,9
1677,1,1
1678,0,0
1679,5,5
1680,7,7
1681,4,4
1682,5,5
1683,2,2
1684,1,1
1685,3,3
1686,4,4
1687,2,2
1688,0,0
1689,0,0
1690,1,1
1691,0,0
1692,7,7
1693,4,4
1694,7,7
1695,4,4
1696,7,7
1697,0,0
1698,4,4
1699,2,2
1700,1,1
1701,1,1
1702,6,6
1703,7,7
1704,1,1
1705,2,2
1706,3,3
1707,1,1
1708,3,3
1709,0,0
1710,6,6
1711,7,7
1712,4,4
1713,0,0
1714,6,6
1715,9,9
1716,2,8
1717,0,0
1718,4,4
1719,9,9
1720,1,1
1721,4,4
1722,9,9
1723,3,3
1724,2,2
1725,3,3
1726,5,5
1727,8,8
1728,7,7
1729,6,6
1730,9,9
1731,5,5
1732,7,7
1733,0,0
1734,7,7
1735,8,8
1736,4,4
1737,5,5
1738,8,8
1739,4,4
1740,9,9
1741,8,8
1742,4,4
1743,3,3
1744,7,7
1745,3,3
1746,7,7
1747,8,8
1748,6,6
1749,2,2
1750,7,7
1751,7,7
1752,8,8
1753,0,0
1754,7,7
1755,8,8
1756,4,4
1757,6,6
1758,8,8
1759,2,2
1760,5,5
1761,7,7
1762,4,4
1763,9,9
1764,4,4
1765,0,0
1766,2,2
1767,4,4
1768,3,3
1769,7,7
1770,5,5
1771,2,2
1772,8,8
1773,6,6
1774,5,5
1775,7,7
1776,8,8
1777,6,6
1778,7,7
1779,2,2
1780,5,5
1781,3,3
1782,1,1
1783,7,7
1784,5,5
1785,3,3
1786,8,8
1787,5,5
1788,9,9
1789,5,5
1790,2,2
1791,5,5
1792,1,1
1793,9,9
1794,9,9
1795,4,4
1796,2,2
1797,7,7
1798,5,5
1799,3,3
1800,9,9
1801,6,6
1802,4,4
1803,0,0
1804,5,5
1805,7,7
1806,8,8
1807,5,5
1808,4,4
1809,4,4
1810,5,5
1811,0,0
1812,4,4
1813,7,7
1814,8,8
1815,3,3
1816,7,7
1817,5,5
1818,9,9
1819,3,3
1820,2,2
1821,8,8
1822,7,7
1823,2,2
1824,5,5
1825,0,0
1826,2,2
1827,6,6
1828,3,3
1829,6,6
1830,7,7
1831,8,8
1832,7,7
1833,1,1
1834,4,4
1835,9,9
1836,4,4
1837,0,0
1838,9,9
1839,0,0
1840,0,0
1841,3,3
1842,1,1
1843,4,4
1844,5,5
1845,7,7
1846,8,8
1847,2,2
1848,3,3
1849,2,2
1850,2,2
1851,7,7
1852,2,2
1853,1,1
1854,4,4
1855,7,7
1856,6,6
1857,4,4
1858,3,3
1859,4,4
1860,5,5
1861,0,0
1862,8,8
1863,3,2
1864,8,8
1865,9,9
1866,3,3
1867,9,9
1868,8,8
1869,3,3
1870,1,1
1871,5,5
1872,3,3
1873,0,0
1874,5,5
1875,7,7
1876,5,5
1877,1,1
1878,5,5
1879,0,0
1880,2,2
1881,5,5
1882,7,7
1883,1,1
1884,2,2
1885,0,0
1886,1,1
1887,9,9
1888,2,2
1889,1,1
1890,1,1
1891,8,8
1892,3,3
1893,1,1
1894,5,5
1895,0,0
1896,4,4
1897,2,2
1898,1,1
1899,1,1
1900,6,6
1901,3,3
1902,1,1
1903,1,1
1904,7,7
1905,3,3
1906,8,8
1907,8,8
1908,9,9
1909,3,3
1910,8,8
1911,7,7
1912,6,6
1913,2,2
1914,8,8
1915,6,6
1916,5,5
1917,2,2
1918,9,9
1919,8,8
1920,6,6
1921,1,1
1922,4,4
1923,8,8
1924,5,5
1925,5,5
1926,5,5
1927,2,2
1928,1,1
1929,0,0
1930,4,4
1931,1,1
1932,5,5
1933,0,0
1934,9,9
1935,3,3
1936,6,6
1937,3,3
1938,5,5
1939,1,1
1940,1,1
1941,2,2
1942,2,2
1943,4,4
1944,4,4
1945,4,4
1946,9,9
1947,0,0
1948,3,3
1949,1,1
1950,5,5
1951,1,1
1952,5,5
1953,4,4
1954,6,6
1955,1,1
1956,7,7
1957,0,0
1958,4,4
1959,4,4
1960,3,3
1961,8,8
1962,0,0
1963,4,4
1964,0,0
1965,7,7
1966,2,2
1967,5,5
1968,4,4
1969,2,2
1970,3,3
1971,0,0
1972,6,6
1973,3,3
1974,2,2
1975,1,1
1976,0,0
1977,7,7
1978,6,6
1979,0,0
1980,1,1
1981,3,3
1982,6,6
1983,6,6
1984,7,7
1985,7,7
1986,4,4
1987,1,1
1988,8,8
1989,5,5
1990,0,0
1991,4,4
1992,1,1
1993,9,9
1994,8,8
1995,1,1
1996,6,6
1997,9,9
1998,7,7
1999,7,7
2000,1,1
2001,0,0
2002,7,7
2003,9,9
2004,1,1
2005,7,7
2006,2,2
2007,5,5
2008,4,4
2009,8,8
2010,3,3
2011,0,0
2012,6,6
2013,5,5
2014,2,2
2015,0,0
2016,6,6
2017,8,8
2018,2,2
2019,6,6
2020,1,1
2021,2,2
2022,4,4
2023,3,3
2024,0,0
2025,6,6
2026,5,5
2027,4,4
2028,3,3
2029,5,5
2030,8,8
2031,9,0
2032,2,2
2033,3,3
2034,4,4
2035,0,0
2036,9,9
2037,9,9
2038,8,8
2039,5,5
2040,6,6
2041,2,2
2042,7,7
2043,3,3
2044,0,0
2045,2,2
2046,9,9
2047,3,3
2048,0,0
2049,3,3
2050,7,7
2051,4,4
2052,6,6
2053,1,1
2054,7,7
2055,6,6
2056,6,6
2057,5,5
2058,8,8
2059,8,8
2060,9,9
2061,9,9
2062,8,8
2063,2,2
2064,7,7
2065,2,2
2066,4,4
2067,5,5
2068,9,9
2069,6,6
2070,7,7
2071,2,2
2072,1,1
2073,4,4
2074,6,6
2075,2,2
2076,5,5
2077,3,3
2078,3,3
2079,7,7
2080,2,2
2081,9,9
2082,7,7
2083,4,4
2084,2,2
2085,4,4
2086,5,5
2087,9,9
2088,7,7
2089,4,4
2090,1,1
2091,9,9
2092,6,6
2093,2,2
2094,6,6
2095,8,8
2096,8,8
2097,9,9
2098,6,6
2099,1,1
2100,5,5
2101,4,4
2102,5,5
2103,0,0
2104,6,6
2105,9,9
2106,9,9
2107,5,5
2108,2,2
2109,4,4
2110,6,6
2111,6,6
2112,1,1
2113,9,9
2114,2,2
2115,8,8
2116,4,4
2117,7,7
2118,7,9
2119,1,1
2120,4,4
2121,1,1
2122,7,7
2123,6,6
2124,9,9
2125,6,6
2126,7,7
2127,1,1
2128,6,6
2129,7,7
2130,8,8
2131,6,6
2132,5,5
2133,7,7
2134,8,8
2135,1,1
2136,4,4
2137,9,9
2138,3,3
2139,6,6
2140,7,7
2141,7,7
2142,2,2
2143,2,2
2144,7,7
2145,9,9
2146,3,3
2147,6,6
2148,3,3
2149,2,2
2150,9,9
2151,2,2
2152,7,7
2153,3,3
2154,5,5
2155,9,9
2156,2,2
2157,4,4
2158,2,2
2159,3,3
2160,8,8
2161,6,6
2162,4,4
2163,8,8
2164,2,2
2165,3,3
2166,8,8
2167,9,9
2168,8,8
2169,1,1
2170,9,9
2171,7,7
2172,7,7
2173,8,8
2174,1,1
2175,4,4
2176,6,6
2177,8,8
2178,1,1
2179,3,3
2180,2,2
2181,0,0
2182,7,7
2183,9,9
2184,8,8
2185,0,0
2186,9,9
2187,7,7
2188,7,7
2189,1,1
2190,9,9
2191,7,7
2192,1,1
2193,4,4
2194,8,8
2195,0,0
2196,9,9
2197,8,8
2198,5,5
2199,7,7
2200,2,2
2201,9,9
2202,2,2
2203,9,9
2204,4,4
2205,1,1
2206,9,9
2207,6,6
2208,7,7
2209,4,4
2210,4,4
2211,9,9
2212,7,7
2213,2,2
2214,0,0
2215,2,2
2216,1,1
2217,3,3
2218,2,2
2219,4,4
2220,0,0
2221,0,0
2222,2,2
2223,0,0
2224,0,0
2225,5,5
2226,1,1
2227,2,2
2228,0,0
2229,5,5
2230,9,9
2231,4,4
2232,4,4
2233,0,0
2234,9,4
2235,4,4
2236,5,5
2237,4,4
2238,1,1
2239,7,7
2240,3,3
2241,1,1
2242,4,4
2243,2,2
2244,3,8
2245,3,3
2246,8,8
2247,4,4
2248,8,8
2249,4,4
2250,2,2
2251,8,8
2252,8,8
2253,4,4
2254,5,5
2255,0,0
2256,9,9
2257,2,2
2258,9,9
2259,4,4
2260,9,9
2261,8,8
2262,8,8
2263,1,1
2264,8,8
2265,9,9
2266,4,4
2267,0,0
2268,8,8
2269,4,4
2270,2,2
2271,9,9
2272,4,4
2273,3,3
2274,6,6
2275,7,7
2276,1,1
2277,3,3
2278,9,9
2279,8,8
2280,9,9
2281,3,3
2282,6,6
2283,9,9
2284,6,6
2285,4,4
2286,5,5
2287,4,4
2288,5,5
2289,3,3
2290,4,0
2291,3,3
2292,1,1
2293,1,1
2294,2,2
2295,7,7
2296,3,3
2297,6,6
2298,3,3
2299,4,4
2300,9,9
2301,0,0
2302,4,4
2303,3,3
2304,9,9
2305,7,7
2306,9,9
2307,8,8
2308,7,7
2309,7,7
2310,3,3
2311,5,5
2312,7,7
2313,6,6
2314,6,6
2315,6,6
2316,6,6
2317,0,0
2318,0,0
2319,3,3
2320,2,2
2321,3,3
2322,5,5
2323,3,3
2324,9,9
2325,2,2
2326,2,2
2327,0,0
2328,1,1
2329,7,7
2330,4,4
2331,7,7
2332,6,6
2333,8,8
2334,6,6
2335,3,3
2336,7,7
2337,5,5
2338,0,0
2339,0,0
2340,9,9
2341,6,6
2342,0,0
2343,2,2
2344,9,9
2345,1,1
2346,8,8
2347,3,3
2348,1,1
2349,6,6
2350,5,5
2351,3,3
2352,5,5
2353,4,4
2354,9,9
2355,5,5
2356,5,5
2357,8,8
2358,5,5
2359,2,2
2360,2,2
2361,9,9
2362,6,6
2363,0,0
2364,7,7
2365,7,7
2366,7,7
2367,7,7
2368,5,5
2369,3,3
2370,1,1
2371,7,7
2372,5,5
2373,9,9
2374,9,9
2375,4,4
2376,8,8
2377,6,6
2378,1,1
2379,9,9
2380,0,0
2381,2,2
2382,2,2
2383,5,5
2384,1,1
2385,9,9
2386,9,9
2387,7,7
2388,8,8
2389,2,2
2390,2,2
2391,1,1
2392,8,8
2393,6,6
2394,0,0
2395,5,5
2396,0,0
2397,6,6
2398,0,0
2399,1,1
2400,2,2
2401,5,5
2402,3,3
2403,9,9
2404,5,5
2405,1,1
2406,1,1
2407,9,9
2408,7,7
2409,3,3
2410,9,9
2411,3,3
2412,1,1
2413,0,0
2414,0,0
2415,7,7
2416,2,2
2417,8,8
2418,0,0
2419,1,1
2420,1,1
2421,0,0
2422,2,2
2423,5,5
2424,7,7
2425,8,8
2426,1,1
2427,8,8
2428,6,6
2429,2,2
2430,0,0
2431,5,5
2432,1,1
2433,7,7
2434,4,4
2435,0,0
2436,0,0
2437,1,1
2438,5,5
2439,6,6
2440,9,9
2441,8,8
2442,5,5
2443,1,1
2444,0,0
2445,8,8
2446,0,0
2447,1,1
2448,4,4
2449,6,6
2450,4,4
2451,7,1
2452,5,5
2453,1,1
2454,3,3
2455,5,5
2456,5,5
2457,7,7
2458,9,9
2459,9,9
2460,7,7
2461,0,0
2462,6,6
2463,7,7
2464,2,2
2465,8,8
2466,2,2
2467,8,8
2468,5,5
2469,1,1
2470,1,1
2471,9,9
2472,3,3
2473,4,4
2474,3,3
2475,1,1
2476,8,8
2477,0,0
2478,2,2
2479,6,6
2480,6,6
2481,3,3
2482,9,9
2483,1,1
2484,6,6
2485,3,3
2486,1,1
2487,7,7
2488,1,1
2489,5,5
2490,4,4
2491,3,3
2492,6,6
2493,2,2
2494,0,0
2495,5,5
2496,6,6
2497,7,7
2498,2,8
2499,1,1
2500,1,1
2501,4,4
2502,8,8
2503,7,7
2504,9,9
2505,0,0
2506,0,0
2507,9,9
2508,4,4
2509,4,4
2510,5,5
2511,3,3
2512,0,0
2513,6,6
2514,9,9
2515,4,4
2516,1,1
2517,1,1
2518,9,9
2519,3,3
2520,1,1
2521,6,6
2522,4,4
2523,3,3
2524,4,4
2525,4,4
2526,9,9
2527,3,3
2528,7,7
2529,6,6
2530,0,0
2531,5,5
2532,2,2
2533,3,3
2534,0,0
2535,4,4
2536,1,1
2537,1,1
2538,9,9
2539,0,0
2540,1,1
2541,1,1
2542,7,7
2543,6,6
2544,0,0
2545,8,8
2546,9,9
2547,3,3
2548,3,3
2549,4,4
2550,2,2
2551,9,9
2552,5,5
2553,8,8
2554,7,7
2555,5,5
2556,0,0
2557,0,0
2558,4,4
2559,4,4
2560,9,9
2561,3,3
2562,7,7
2563,2,2
2564,2,2
2565,8,8
2566,0,0
2567,7,7
2568,1,1
2569,4,4
2570,5,5
2571,9,9
2572,6,6
2573,7,7
2574,6,6
2575,8,8
2576,5,5
2577,6,6
2578,3,3
2579,2,2
2580,1,1
2581,4,4
2582,6,6
2583,7,7
2584,5,5
2585,0,0
2586,9,9
2587,8,8
2588,0,0
2589,7,7
2590,6,6
2591,2,2
2592,2,2
2593,7,1
2594,7,7
2595,8,8
2596,2,2
2597,0,0
2598,4,4
2599,1,1
2600,0,0
2601,3,3
2602,7,7
2603,4,4
2604,4,4
2605,2,2
2606,5,5
2607,1,1
2608,7,7
2609,4,4
2610,5,5
2611,5,5
2612,0,0
2613,8,8
2614,9,9
2615,1,1
2616,0,0
2617,6,6
2618,2,2
2619,1,1
2620,0,0
2621,4,4
2622,4,4
2623,1,1
2624,1,1
2625,8,8
2626,7,7
2627,8,8
2628,4,4
2629,5,6
2630,6,6
2631,5,5
2632,8,8
2633,9,9
2634,6,6
2635,5,5
2636,1,1
2637,4,4
2638,2,2
2639,1,1
2640,4,9
2641,6,6
2642,5,5
2643,9,9
2644,1,1
2645,6,6
2646,0,0
2647,7,7
2648,3,3
2649,8,8
2650,0,0
2651,7,7
2652,1,1
2653,5,5
2654,9,9
2655,2,2
2656,6,6
2657,6,6
2658,0,0
2659,3,3
2660,2,2
2661,4,4
2662,5,5
2663,6,6
2664,0,0
2665,6,6
2666,1,1
2667,3,3
2668,0,0
2669,6,6
2670,5,5
2671,0,0
2672,9,9
2673,2,2
2674,3,3
2675,3,3
2676,0,0
2677,7,7
2678,5,5
2679,5,5
2680,5,5
2681,1,1
2682,9,9
2683,7,7
2684,9,9
2685,2,2
2686,1,1
2687,1,1
2688,1,1
2689,4,4
2690,0,0
2691,2,2
2692,7,7
2693,9,9
2694,8,8
2695,6,6
2696,2,2
2697,0,0
2698,6,6
2699,0,0
2700,5,5
2701,4,4
2702,5,5
2703,3,3
2704,1,1
2705,9,9
2706,4,4
2707,0,0
2708,4,4
2709,8,8
2710,9,9
2711,8,8
2712,9,9
2713,8,8
2714,4,4
2715,1,1
2716,5,5
2717,2,2
2718,4,4
2719,2,2
2720,2,2
2721,7,7
2722,3,3
2723,3,3
2724,5,5
2725,9,9
2726,9,9
2727,4,4
2728,3,3
2729,6,6
2730,3,3
2731,9,9
2732,7,7
2733,8,8
2734,6,6
2735,9,9
2736,3,3
2737,7,7
2738,5,5
2739,7,7
2740,2,2
2741,6,6
2742,8,8
2743,3,3
2744,2,2
2745,5,5
2746,4,4
2747,3,3
2748,6,6
2749,5,5
2750,0,0
2751,9,9
2752,8,8
2753,1,1
2754,7,7
2755,3,3
2756,2,2
2757,0,0
2758,5,5
2759,4,2
2760,8,8
2761,4,4
2762,4,4
2763,2,2
2764,2,2
2765,2,2
2766,9,9
2767,4,4
2768,1,1
2769,6,6
2770,4,4
2771,7,7
2772,9,9
2773,8,8
2774,7,7
2775,0,0
2776,8,8
2777,2,2
2778,6,6
2779,6,6
2780,0,0
2781,1,1
2782,6,6
2783,7,7
2784,7,7
2785,2,2
2786,9,9
2787,7,7
2788,1,1
2789,9,9
2790,3,3
2791,5,5
2792,0,0
2793,1,1
2794,7,7
2795,8,8
2796,7,7
2797,9,9
2798,9,9
2799,7,7
2800,2,2
2801,8,8
2802,5,5
2803,0,0
2804,6,6
2805,7,7
2806,5,5
2807,5,5
2808,0,0
2809,6,6
2810,2,2
2811,2,2
2812,6,6
2813,2,2
2814,4,4
2815,0,0
2816,6,6
2817,6,6
2818,5,5
2819,2,2
2820,2,2
2821,7,7
2822,9,9
2823,4,4
2824,1,1
2825,9,9
2826,4,4
2827,2,2
2828,9,9
2829,2,2
2830,5,5
2831,4,4
2832,7,7
2833,3,3
2834,6,6
2835,1,1
2836,7,7
2837,8,8
2838,9,9
2839,0,0
2840,3,3
2841,9,9
2842,0,0
2843,5,5
2844,4,4
2845,3,3
2846,4,4
2847,1,1
2848,0,0
2849,6,6
2850,1,1
2851,5,5
2852,1,1
2853,8,8
2854,5,5
2855,3,3
2856,5,5
2857,1,1
2858,7,7
2859,5,5
2860,5,5
2861,8,8
2862,0,0
2863,2,2
2864,1,1
2865,3,3
2866,5,5
2867,8,8
2868,6,6
2869,7,7
2870,4,4
2871,0,0
2872,7,7
2873,5,5
2874,3,3
2875,2,2
2876,1,1
2877,8,8
2878,7,7
2879,2,2
2880,1,1
2881,3,3
2882,6,6
2883,8,8
2884,8,8
2885,3,3
2886,4,4
2887,5,5
2888,0,0
2889,9,9
2890,0,0
2891,5,5
2892,0,0
2893,8,8
2894,9,9
2895,6,6
2896,7,7
2897,1,1
2898,8,8
2899,0,0
2900,9,9
2901,2,2
2902,0,0
2903,1,1
2904,6,6
2905,9,9
2906,4,4
2907,3,3
2908,0,0
2909,9,9
2910,1,1
2911,3,3
2912,5,5
2913,0,0
2914,5,5
2915,6,6
2916,5,5
2917,9,9
2918,1,1
2919,6,6
2920,6,6
2921,8,8
2922,2,2
2923,2,2
2924,9,9
2925,1,1
2926,3,3
2927,3,3
2928,4,9
2929,1,1
2930,4,4
2931,8,8
2932,3,3
2933,3,3
2934,0,0
2935,6,6
2936,2,2
2937,5,5
2938,5,5
2939,9,9
2940,1,1
2941,1,1
2942,5,5
2943,1,1
2944,2,2
2945,4,4
2946,1,1
2947,9,9
2948,3,3
2949,3,3
2950,0,0
2951,9,9
2952,7,7
2953,4,4
2954,7,7
2955,8,8
2956,2,2
2957,5,5
2958,6,6
2959,1,1
2960,3,3
2961,3,3
2962,7,7
2963,5,5
2964,4,4
2965,6,6
2966,5,5
2967,0,0
2968,3,3
2969,8,8
2970,4,4
2971,6,6
2972,6,6
2973,2,2
2974,7,7
2975,9,9
2976,6,6
2977,8,8
2978,6,6
2979,5,5
2980,6,6
2981,9,9
2982,3,7
2983,9,9
2984,8,8
2985,7,7
2986,9,9
2987,7,7
2988,7,7
2989,3,3
2990,2,2
2991,3,3
2992,5,5
2993,7,7
2994,1,1
2995,3,3
2996,9,9
2997,8,8
2998,4,4
2999,9,9
3000,8,8
3001,1,1
3002,9,9
3003,0,0
3004,5,5
3005,1,1
3006,5,5
3007,1,1
3008,9,9
3009,0,0
3010,7,7
3011,5,5
3012,4,4
3013,6,6
3014,6,6
3015,7,7
3016,8,8
3017,7,7
3018,1,1
3019,8,8
3020,2,2
3021,5,5
3022,7,7
3023,4,4
3024,8,8
3025,7,7
3026,3,3
3027,2,2
3028,1,1
3029,1,1
3030,2,2
3031,6,6
3032,8,8
3033,9,9
3034,4,4
3035,9,9
3036,1,1
3037,1,1
3038,1,1
3039,9,9
3040,3,2
3041,0,0
3042,0,0
3043,6,6
3044,6,6
3045,8,8
3046,0,0
3047,4,4
3048,0,0
3049,3,3
3050,1,1
3051,7,7
3052,6,6
3053,8,8
3054,5,5
3055,9,9
3056,1,2
3057,9,9
3058,1,1
3059,3,3
3060,9,9
3061,9,9
3062,5,5
3063,1,1
3064,6,6
3065,2,2
3066,5,5
3067,1,1
3068,9,9
3069,0,0
3070,5,5
3071,0,0
3072,3,3
3073,9,9
3074,4,4
3075,3,3
3076,7,7
3077,1,1
3078,1,1
3079,4,4
3080,4,4
3081,5,5
3082,2,2
3083,5,5
3084,3,3
3085,8,8
3086,8,8
3087,1,1
3088,9,9
3089,4,4
3090,2,2
3091,8,8
3092,2,2
3093,8,8
3094,8,8
3095,2,2
3096,0,0
3097,2,2
3098,4,4
3099,1,1
3100,6,6
3101,6,6
3102,7,7
3103,1,1
3104,4,4
3105,3,3
3106,8,8
3107,4,4
3108,6,6
3109,3,3
3110,3,3
3111,0,2
3112,2,2
3113,2,2
3114,5,5
3115,5,5
3116,6,6
3117,6,6
3118,7,7
3119,3,3
3120,5,5
3121,0,0
3122,6,6
3123,2,2
3124,7,7
3125,5,5
3126,1,1
3127,8,8
3128,5,5
3129,8,8
3130,8,8
3131,6,6
3132,1,1
3133,9,9
3134,3,3
3135,9,9
3136,4,4
3137,1,1
3138,2,2
3139,9,9
3140,5,5
3141,3,3
3142,0,0
3143,1,1
3144,3,3
3145,4,4
3146,4,4
3147,9,9
3148,9,9
3149,8,8
3150,6,6
3151,2,2
3152,1,1
3153,6,6
3154,4,4
3155,0,0
3156,4,4
3157,0,0
3158,2,2
3159,4,4
3160,9,9
3161,5,5
3162,6,6
3163,6,6
3164,4,4
3165,8,8
3166,8,8
3167,6,6
3168,7,7
3169,6,6
3170,0,0
3171,4,4
3172,3,3
3173,2,2
3174,8,8
3175,2,2
3176,4,4
3177,4,4
3178,6,6
3179,4,4
3180,0,0
3181,9,9
3182,5,5
3183,2,2
3184,8,8
3185,4,4
3186,6,6
3187,5,5
3188,9,9
3189,2,2
3190,6,6
3191,6,6
3192,7,7
3193,4,4
3194,1,1
3195,0,0
3196,2,2
3197,7,7
3198,5,5
3199,1,1
3200,1,1
3201,9,9
3202,2,2
3203,5,5
3204,0,0
3205,4,4
3206,5,5
3207,6,6
3208,9,9
3209,6,6
3210,0,0
3211,5,5
3212,8,8
3213,3,3
3214,1,1
3215,1,1
3216,2,2
3217,4,4
3218,6,6
3219,8,8
3220,7,7
3221,2,2
3222,9,9
3223,5,5
3224,0,0
3225,2,2
3226,5,5
3227,8,8
3228,3,3
3229,4,4
3230,8,8
3231,7,8
3232,1,1
3233,3,3
3234,1,1
3235,4,4
3236,8,8
3237,8,8
3238,8,8
3239,1,1
3240,0,0
3241,6,6
3242,1,1
3243,7,7
3244,5,5
3245,8,8
3246,5,5
3247,2,2
3248,8,8
3249,7,7
3250,1,1
3251,4,4
3252,5,5
3253,6,6
3254,1,1
3255,8,8
3256,7,7
3257,5,5
3258,4,4
3259,3,3
3260,3,3
3261,1,1
3262,5,5
3263,0,0
3264,7,7
3265,8,8
3266,9,9
3267,1,1
3268,7,7
3269,4,4
3270,1,1
3271,2,2
3272,8,8
3273,1,1
3274,3,3
3275,1,1
3276,3,3
3277,8,8
3278,6,6
3279,7,7
3280,9,9
3281,7,7
3282,2,2
3283,0,0
3284,0,0
3285,3,3
3286,1,1
3287,9,9
3288,4,4
3289,3,3
3290,6,6
3291,5,5
3292,4,4
3293,3,3
3294,2,2
3295,4,4
3296,5,5
3297,9,9
3298,6,6
3299,7,7
3300,5,5
3301,8,8
3302,6,6
3303,5,5
3304,2,2
3305,3,3
3306,6,6
3307,9,9
3308,9,9
3309,7,7
3310,7,7
3311,2,2
3312,4,4
3313,5,5
3314,0,0
3315,4,4
3316,6,6
3317,1,1
3318,6,6
3319,6,6
3320,6,6
3321,7,7
3322,7,7
3323,1,1
3324,0,0
3325,1,1
3326,2,2
3327,8,8
3328,1,1
3329,4,4
3330,7,7
3331,3,3
3332,3,3
3333,3,3
3334,5,5
3335,6,6
3336,3,3
3337,1,1
3338,3,3
3339,8,8
3340,7,7
3341,9,9
3342,3,3
3343,7,7
3344,4,4
3345,9,9
3346,9,4
3347,3,3
3348,2,2
3349,5,5
3350,4,4
3351,8,8
3352,6,6
3353,7,7
3354,0,0
3355,6,6
3356,2,2
3357,8,8
3358,5,5
3359,2,2
3360,4,4
3361,1,1
3362,2,2
3363,8,8
3364,7,7
3365,2,2
3366,7,7
3367,1,1
3368,2,2
3369,4,4
3370,3,3
3371,5,5
3372,8,8
3373,1,1
3374,2,2
3375,6,6
3376,0,0
3377,4,4
3378,1,1
3379,9,9
3380,0,0
3381,4,4
3382,0,0
3383,1,1
3384,6,6
3385,7,7
3386,7,7
3387,4,4
3388,0,0
3389,8,8
3390,0,0
3391,1,1
3392,4,4
3393,7,1
3394,9,9
3395,5,5
3396,7,7
3397,4,4
3398,7,7
3399,0,0
3400,6,6
3401,4,4
3402,5,5
3403,9,9
3404,8,8
3405,2,2
3406,6,6
3407,6,6
3408,0,0
3409,3,3
3410,3,3
3411,0,0
3412,0,0
3413,4,4
3414,3,3
3415,6,6
3416,6,6
3417,3,3
3418,0,0
3419,7,7
3420,3,3
3421,1,1
3422,9,9
3423,6,6
3424,0,0
3425,0,0
3426,8,8
3427,0,0
3428,8,8
3429,9,9
3430,4,4
3431,1,1
3432,3,3
3433,7,7
3434,0,0
3435,1,1
3436,3,3
3437,1,1
3438,4,4
3439,8,8
3440,2,2
3441,2,3
3442,7,7
3443,1,1
3444,4,4
3445,4,4
3446,8,8
3447,9,9
3448,0,0
3449,2,2
3450,1,1
3451,9,9
3452,5,5
3453,5,5
3454,1,1
3455,2,2
3456,8,8
3457,9,9
3458,1,1
3459,5,5
3460,6,6
3461,5,5
3462,8,8
3463,6,6
3464,4,4
3465,5,5
3466,1,1
3467,8,8
3468,0,0
3469,9,9
3470,2,2
3471,0,0
3472,5,5
3473,8,8
3474,5,5
3475,4,4
3476,8,8
3477,1,1
3478,0,0
3479,5,5
3480,5,8
3481,1,1
3482,9,9
3483,9,9
3484,2,2
3485,7,7
3486,2,2
3487,7,7
3488,4,4
3489,7,7
3490,4,4
3491,5,5
3492,1,1
3493,3,3
3494,6,6
3495,1,1
3496,0,0
3497,8,8
3498,3,3
3499,3,3
3500,2,2
3501,2,2
3502,3,3
3503,3,3
3504,0,0
3505,3,3
3506,8,8
3507,5,5
3508,6,6
3509,6,6
3510,6,6
3511,2,2
3512,3,3
3513,7,7
3514,9,9
3515,0,0
3516,0,0
3517,0,0
3518,9,9
3519,0,0
3520,2,2
3521,6,6
3522,6,6
3523,6,6
3524,2,2
3525,8,8
3526,7,7
3527,6,6
3528,3,3
3529,6,6
3530,7,7
3531,1,1
3532,5,5
3533,9,9
3534,6,6
3535,8,8
3536,7,7
3537,6,6
3538,0,0
3539,7,7
3540,3,3
3541,3,3
3542,1,1
3543,8,8
3544,1,1
3545,1,1
3546,2,2
3547,6,6
3548,4,4
3549,4,4
3550,9,9
3551,4,4
3552,1,1
3553,8,8
3554,8,8
3555,4,4
3556,3,3
3557,6,6
3558,3,3
3559,6,6
3560,6,6
3561,9,9
3562,2,2
3563,0,0
3564,6,6
3565,9,9
3566,2,2
3567,0,0
3568,3,3
3569,2,2
3570,8,8
3571,8,8
3572,0,0
3573,8,8
3574,0,0
3575,5,5
3576,7,7
3577,7,7
3578,6,6
3579,7,7
3580,1,1
3581,0,0
3582,1,1
3583,5,5
3584,9,9
3585,3,3
3586,1,1
3587,9,9
3588,0,0
3589,4,4
3590,9,9
3591,4,4
3592,7,7
3593,4,4
3594,2,2
3595,4,4
3596,7,7
3597,6,6
3598,7,7
3599,3,3
3600,1,1
3601,1,1
3602,9,9
3603,8,8
3604,3,3
3605,3,3
3606,3,3
3607,3,3
3608,6,6
3609,7,7
3610,8,8
3611,9,9
3612,2,2
3613,0,0
3614,5,5
3615,7,7
3616,3,3
3617,9,9
3618,5,5
3619,8,8
3620,5,5
3621,7,7
3622,7,7
3623,9,9
3624,2,2
3625,4,4
3626,6,6
3627,5,5
3628,1,1
3629,9,9
3630,9,9
3631,7,7
3632,3,3
3633,9,9
3634,2,2
3635,9,9
3636,2,2
3637,1,1
3638,8,8
3639,6,6
3640,1,1
3641,4,4
3642,3,3
3643,2,2
3644,6,6
3645,1,1
3646,2,2
3647,7,7
3648,0,0
3649,6,6
3650,6,6
3651,9,9
3652,0,0
3653,8,8
3654,7,7
3655,2,2
3656,7,7
3657,7,7
3658,4,4
3659,7,7
3660,0,0
3661,1,1
3662,1,1
3663,7,7
3664,0,0
3665,5,5
3666,9,9
3667,5,5
3668,4,4
3669,6,6
3670,8,8
3671,5,5
3672,0,0
3673,3,3
3674,2,2
3675,6,6
3676,7,7
3677,8,8
3678,2,2
3679,3,3
3680,9,9
3681,9,9
3682,5,8
3683,8,8
3684,2,2
3685,4,4
3686,3,3
3687,1,1
3688,4,4
3689,3,3
3690,0,0
3691,8,8
3692,8,8
3693,6,6
3694,4,4
3695,8,8
3696,4,4
3697,2,2
3698,9,9
3699,1,1
3700,2,2
3701,1,1
3702,0,0
3703,1,1
3704,1,1
3705,1,1
3706,1,1
3707,8,8
3708,6,6
3709,0,0
3710,1,1
3711,5,5
3712,6,6
3713,7,7
3714,7,7
3715,2,2
3716,6,6
3717,8,8
3718,3,3
3719,9,9
3720,4,4
3721,5,3
3722,3,3
3723,4,4
3724,7,7
3725,9,9
3726,6,6
3727,5,5
3728,0,0
3729,5,5
3730,5,5
3731,2,2
3732,1,1
3733,2,2
3734,9,9
3735,7,7
3736,5,5
3737,5,5
3738,5,5
3739,2,2
3740,0,0
3741,7,7
3742,8,8
3743,1,1
3744,5,5
3745,3,3
3746,1,1
3747,7,7
3748,3,3
3749,8,8
3750,0,0
3751,5,5
3752,8,8
3753,6,6
3754,9,9
3755,6,6
3756,8,8
3757,1,1
3758,2,2
3759,0,0
3760,4,4
3761,5,5
3762,8,8
3763,9,9
3764,1,1
3765,9,9
3766,9,9
3767,1,1
3768,7,7
3769,9,9
3770,5,5
3771,2,2
3772,9,9
3773,7,7
3774,5,5
3775,9,9
3776,9,9
3777,0,0
3778,8,8
3779,0,0
3780,5,5
3781,3,3
3782,0,0
3783,7,7
3784,3,3
3785,2,2
3786,3,3
3787,5,5
3788,0,0
3789,1,1
3790,0,0
3791,0,0
3792,1,1
3793,0,0
3794,5,5
3795,0,0
3796,1,1
3797,9,9
3798,4,4
3799,6,6
3800,6,6
3801,1,1
3802,3,3
3803,2,2
3804,7,7
3805,3,3
3806,2,2
3807,0,0
3808,8,8
3809,1,1
3810,2,2
3811,7,7
3812,6,6
3813,4,4
3814,4,4
3815,4,4
3816,7,7
3817,0,0
3818,0,0
3819,8,8
3820,0,0
3821,6,6
3822,5,5
3823,3,3
3824,5,5
3825,2,2
3826,4,4
3827,2,2
3828,0,0
3829,3,3
3830,7,7
3831,5,5
3832,8,8
3833,8,8
3834,5,5
3835,4,4
3836,5,5
3837,9,9
3838,4,4
3839,1,1
3840,9,9
3841,3,3
3842,3,3
3843,3,3
3844,0,0
3845,6,1
3846,7,7
3847,6,6
3848,9,9
3849,1,1
3850,1,1
3851,9,9
3852,3,3
3853,8,8
3854,1,1
3855,3,3
3856,4,4
3857,5,5
3858,6,6
3859,5,3
3860,5,5
3861,5,5
3862,3,3
3863,7,7
3864,4,4
3865,7,7
3866,4,4
3867,6,6
3868,3,8
3869,4,4
3870,1,1
3871,6,6
3872,7,7
3873,0,0
3874,6,6
3875,2,2
3876,1,1
3877,9,9
3878,7,7
3879,4,4
3880,8,8
3881,2,2
3882,2,2
3883,7,7
3884,4,4
3885,7,7
3886,5,5
3887,6,6
3888,6,6
3889,6,6
3890,8,8
3891,2,2
3892,0,0
3893,2,2
3894,6,6
3895,3,3
3896,6,6
3897,4,4
3898,4,4
3899,1,1
3900,9,9
3901,7,7
3902,5,5
3903,0,0
3904,6,6
3905,3,3
3906,3,3
3907,7,7
3908,5,5
3909,3,3
3910,4,4
3911,4,4
3912,9,9
3913,0,0
3914,0,0
3915,0,0
3916,3,3
3917,3,3
3918,2,2
3919,1,1
3920,8,8
3921,0,0
3922,9,9
3923,6,6
3924,1,1
3925,2,2
3926,7,7
3927,3,3
3928,8,8
3929,2,2
3930,7,7
3931,6,6
3932,4,4
3933,2,2
3934,0,0
3935,1,1
3936,8,8
3937,7,7
3938,6,6
3939,9,9
3940,7,7
3941,4,4
3942,2,2
3943,8,8
3944,5,5
3945,3,3
3946,8,8
3947,0,0
3948,3,3
3949,1,1
3950,1,1
3951,8,8
3952,8,8
3953,1,1
3954,9,9
3955,7,7
3956,0,0
3957,2,2
3958,7,7
3959,2,2
3960,7,7
3961,0,0
3962,7,7
3963,4,4
3964,6,6
3965,2,2
3966,6,6
3967,9,9
3968,2,2
3969,7,7
3970,5,5
3971,2,2
3972,7,7
3973,7,7
3974,9,9
3975,6,6
3976,7,7
3977,1,1
3978,6,6
3979,7,7
3980,8,8
3981,4,4
3982,3,3
3983,5,5
3984,5,5
3985,0,0
3986,6,6
3987,9,9
3988,1,1
3989,7,7
3990,2,2
3991,5,5
3992,1,1
3993,2,2
3994,4,4
3995,1,1
3996,7,7
3997,3,3
3998,5,5
3999,8,8
4000,7,7
4001,4,4
4002,9,9
4003,6,6
4004,4,4
4005,8,8
4006,1,1
4007,3,3
4008,7,7
4009,7,7
4010,1,1
4011,4,4
4012,8,8
4013,9,9
4014,6,6
4015,0,0
4016,9,9
4017,4,4
4018,0,0
4019,2,2
4020,9,9
4021,4,4
4022,3,3
4023,7,7
4024,4,4
4025,3,3
4026,4,4
4027,4,4
4028,4,4
4029,7,7
4030,2,2
4031,8,8
4032,9,9
4033,3,3
4034,6,6
4035,4,4
4036,0,0
4037,6,6
4038,9,9
4039,3,3
4040,4,4
4041,8,8
4042,4,4
4043,8,8
4044,0,0
4045,0,0
4046,7,7
4047,8,8
4048,7,7
4049,1,1
4050,1,1
4051,3,3
4052,2,2
4053,7,7
4054,0,0
4055,2,2
4056,3,3
4057,6,6
4058,0,0
4059,8,8
4060,1,1
4061,8,8
4062,4,4
4063,2,2
4064,0,0
4065,1,1
4066,6,6
4067,2,2
4068,9,9
4069,7,7
4070,7,7
4071,2,2
4072,8,8
4073,7,7
4074,1,1
4075,1,1
4076,8,8
4077,5,5
4078,3,3
4079,5,5
4080,6,6
4081,5,5
4082,0,0
4083,4,4
4084,8,8
4085,4,4
4086,7,7
4087,0,0
4088,1,1
4089,0,0
4090,8,8
4091,4,4
4092,0,0
4093,6,6
4094,1,1
4095,9,9
4096,6,6
4097,0,0
4098,8,8
4099,6,6
4100,7,7
4101,0,0
4102,0,0
4103,1,1
4104,4,4
4105,7,7
4106,9,9
4107,0,0
4108,8,8
4109,7,7
4110,8,8
4111,6,6
4112,7,7
4113,9,9
4114,2,2
4115,6,6
4116,0,0
4117,0,0
4118,4,4
4119,0,0
4120,3,3
4121,3,3
4122,3,3
4123,0,0
4124,6,6
4125,0,0
4126,9,9
4127,7,7
4128,7,7
4129,4,4
4130,8,8
4131,0,0
4132,4,4
4133,9,9
4134,0,0
4135,7,7
4136,3,2
4137,4,4
4138,0,0
4139,2,2
4140,1,1
4141,0,0
4142,0,0
4143,9,9
4144,4,4
4145,6,6
4146,9,9
4147,9,9
4148,0,0
4149,7,7
4150,4,4
4151,7,4
4152,2,2
4153,8,8
4154,7,7
4155,8,8
4156,9,9
4157,0,0
4158,7,7
4159,7,7
4160,8,8
4161,3,3
4162,3,3
4163,7,7
4164,3,3
4165,4,4
4166,8,8
4167,0,0
4168,7,7
4169,8,8
4170,2,2
4171,8,8
4172,8,8
4173,1,1
4174,9,9
4175,3,3
4176,2,2
4177,1,1
4178,3,3
4179,4,4
4180,0,0
4181,6,6
4182,7,7
4183,9,9
4184,1,1
4185,9,9
4186,4,4
4187,8,8
4188,0,0
4189,7,7
4190,8,8
4191,8,8
4192,6,6
4193,7,7
4194,1,1
4195,2,2
4196,3,3
4197,3,3
4198,1,1
4199,7,7
4200,0,0
4201,6,6
4202,2,2
4203,6,6
4204,7,7
4205,4,4
4206,8,8
4207,1,1
4208,5,5
4209,6,6
4210,8,8
4211,6,6
4212,9,9
4213,0,0
4214,7,7
4215,4,4
4216,9,9
4217,5,5
4218,3,3
4219,4,4
4220,7,7
4221,3,3
4222,7,7
4223,6,6
4224,9,9
4225,9,9
4226,4,4
4227,9,9
4228,0,0
4229,2,2
4230,8,8
4231,3,9
4232,3,3
4233,0,0
4234,7,7
4235,7,7
4236,0,0
4237,5,5
4238,4,4
4239,6,6
4240,4,4
4241,2,2
4242,9,9
4243,7,7
4244,1,1
4245,9,9
4246,9,9
4247,4,4
4248,2,2
4249,9,9
4250,9,9
4251,2,2
4252,4,4
4253,5,5
4254,1,1
4255,9,9
4256,3,3
4257,2,2
4258,6,6
4259,0,0
4260,0,0
4261,4,4
4262,1,1
4263,7,7
4264,5,5
4265,6,6
4266,2,2
4267,3,3
4268,4,4
4269,2,2
4270,6,6
4271,6,0
4272,0,0
4273,9,9
4274,0,0
4275,0,0
4276,4,4
4277,5,5
4278,9,9
4279,2,2
4280,0,0
4281,7,7
4282,4,9
4283,7,7
4284,3,3
4285,7,7
4286,0,0
4287,1,1
4288,9,9
4289,0,0
4290,4,4
4291,3,3
4292,5,5
4293,3,3
4294,8,8
4295,0,0
4296,0,0
4297,0,0
4298,1,1
4299,3,3
4300,7,9
4301,0,0
4302,8,8
4303,1,1
4304,7,7
4305,6,6
4306,0,0
4307,0,0
4308,6,6
4309,1,1
4310,5,5
4311,4,4
4312,6,6
4313,2,2
4314,6,6
4315,3,3
4316,2,2
4317,1,1
4318,2,2
4319,5,5
4320,2,2
4321,7,7
4322,0,0
4323,0,0
4324,7,7
4325,4,4
4326,5,5
4327,1,1
4328,9,9
4329,3,3
4330,0,0
4331,6,6
4332,7,7
4333,6,6
4334,0,0
4335,9,9
4336,9,9
4337,3,3
4338,1,1
4339,1,1
4340,1,1
4341,4,4
4342,4,4
4343,4,4
4344,7,7
4345,2,2
4346,8,8
4347,8,8
4348,8,8
4349,4,4
4350,2,2
4351,7,7
4352,3,3
4353,4,4
4354,5,5
4355,9,9
4356,3,3
4357,1,1
4358,5,5
4359,0,0
4360,4,4
4361,3,3
4362,9,9
4363,2,2
4364,3,3
4365,2,2
4366,8,8
4367,8,8
4368,1,1
4369,9,9
4370,8,8
4371,3,3
4372,4,4
4373,8,8
4374,3,3
4375,6,6
4376,0,0
4377,0,0
4378,3,3
4379,8,8
4380,6,6
4381,6,6
4382,3,3
4383,7,7
4384,6,6
4385,0,0
4386,6,6
4387,5,5
4388,6,6
4389,9,9
4390,7,7
4391,1,1
4392,8,8
4393,0,0
4394,2,2
4395,8,8
4396,7,7
4397,8,8
4398,3,3
4399,3,3
4400,3,3
4401,2,2
4402,2,2
4403,4,4
4404,9,9
4405,5,5
4406,5,5
4407,0,0
4408,1,1
4409,2,2
4410,5,8
4411,9,9
4412,1,1
4413,6,6
4414,8,8
4415,6,6
4416,2,2
4417,1,1
4418,6,6
4419,7,2
4420,5,5
4421,9,9
4422,3,3
4423,1,1
4424,1,1
4425,5,5
4426,9,9
4427,7,7
4428,4,4
4429,8,8
4430,0,0
4431,9,9
4432,6,6
4433,1,1
4434,8,8
4435,9,9
4436,2,8
4437,7,7
4438,2,2
4439,3,3
4440,7,7
4441,6,6
4442,4,4
4443,3,3
4444,1,1
4445,6,6
4446,3,3
4447,5,5
4448,2,2
4449,7,7
4450,1,1
4451,0,0
4452,2,2
4453,4,4
4454,5,5
4455,3,3
4456,5,5
4457,5,5
4458,3,3
4459,6,6
4460,3,3
4461,7,7
4462,2,2
4463,8,8
4464,4,4
4465,4,4
4466,7,7
4467,5,5
4468,1,1
4469,1,1
4470,6,6
4471,3,3
4472,5,5
4473,5,5
4474,2,2
4475,9,9
4476,2,2
4477,8,8
4478,5,5
4479,0,0
4480,5,5
4481,1,8
4482,1,1
4483,0,0
4484,4,4
4485,2,2
4486,4,4
4487,8,8
4488,5,5
4489,9,9
4490,3,3
4491,4,4
4492,3,3
4493,5,5
4494,8,8
4495,3,3
4496,9,9
4497,4,4
4498,9,9
4499,2,2
4500,2,2
4501,9,9
4502,4,4
4503,4,4
4504,3,3
4505,0,0
4506,2,2
4507,5,5
4508,8,8
4509,6,6
4510,0,0
4511,3,7
4512,1,1
4513,9,9
4514,3,3
4515,1,1
4516,1,1
4517,2,2
4518,6,6
4519,6,6
4520,5,5
4521,5,5
4522,1,1
4523,9,9
4524,3,3
4525,3,3
4526,6,6
4527,7,7
4528,0,0
4529,5,5
4530,7,7
4531,2,2
4532,3,3
4533,5,5
4534,5,5
4535,3,3
4536,6,6
4537,9,9
4538,8,8
4539,9,9
4540,0,0
4541,9,9
4542,1,1
4543,2,2
4544,6,6
4545,7,7
4546,9,9
4547,3,3
4548,7,7
4549,7,7
4550,6,6
4551,2,2
4552,3,3
4553,1,1
4554,4,4
4555,6,6
4556,5,5
4557,5,5
4558,1,1
4559,8,8
4560,3,3
4561,7,7
4562,5,5
4563,8,8
4564,3,9
4565,3,3
4566,5,5
4567,8,8
4568,9,9
4569,8,8
4570,3,3
4571,5,5
4572,1,1
4573,1,1
4574,9,9
4575,9,9
4576,5,5
4577,3,3
4578,9,9
4579,0,0
4580,4,4
4581,3,3
4582,2,2
4583,6,6
4584,2,2
4585,3,3
4586,0,0
4587,7,7
4588,5,5
4589,0,0
4590,8,8
4591,8,8
4592,5,5
4593,0,0
4594,3,3
4595,4,4
4596,7,7
4597,5,5
4598,1,1
4599,9,9
4600,7,7
4601,8,8
4602,5,5
4603,7,7
4604,8,8
4605,8,8
4606,7,7
4607,7,7
4608,2,2
4609,1,1
4610,4,4
4611,7,7
4612,3,3
4613,1,1
4614,2,2
4615,3,3
4616,2,2
4617,6,6
4618,6,6
4619,9,9
4620,5,5
4621,2,2
4622,7,7
4623,3,3
4624,1,1
4625,3,3
4626,0,0
4627,9,9
4628,6,6
4629,7,7
4630,6,6
4631,2,2
4632,1,1
4633,9,9
4634,2,2
4635,2,2
4636,9,9
4637,6,6
4638,9,9
4639,8,8
4640,9,9
4641,6,6
4642,1,1
4643,7,7
4644,1,1
4645,0,0
4646,7,7
4647,6,6
4648,1,1
4649,4,4
4650,1,1
4651,7,7
4652,6,6
4653,2,2
4654,1,1
4655,8,8
4656,7,7
4657,9,9
4658,4,4
4659,2,2
4660,0,0
4661,7,7
4662,0,0
4663,5,5
4664,0,0
4665,9,8
4666,6,6
4667,5,5
4668,8,8
4669,1,1
4670,8,8
4671,3,3
4672,5,5
4673,3,3
4674,0,0
4675,7,7
4676,2,2
4677,0,0
4678,5,5
4679,3,3
4680,5,5
4681,6,6
4682,9,9
4683,0,0
4684,3,3
4685,5,5
4686,4,4
4687,8,8
4688,9,9
4689,4,4
4690,2,2
4691,1,1
4692,4,4
4693,2,2
4694,7,7
4695,2,2
4696,4,4
4697,0,0
4698,9,9
4699,0,0
4700,6,6
4701,0,0
4702,0,0
4703,2,2
4704,2,2
4705,0,0
4706,0,0
4707,9,9
4708,0,0
4709,7,7
4710,8,8
4711,2,2
4712,1,1
4713,5,5
4714,3,3
4715,1,1
4716,0,0
4717,6,6
4718,4,4
4719,2,2
4720,1,1
4721,8,8
4722,2,2
4723,5,5
4724,5,5
4725,9,9
4726,6,6
4727,0,0
4728,7,7
4729,9,9
4730,0,0
4731,2,2
4732,9,9
4733,2,2
4734,9,9
4735,4,4
4736,8,8
4737,9,9
4738,1,1
4739,1,1
4740,9,9
4741,1,1
4742,4,4
4743,3,3
4744,7,7
4745,9,9
4746,8,8
4747,3,3
4748,6,6
4749,9,9
4750,4,4
4751,7,7
4752,2,2
4753,2,2
4754,7,7
4755,6,6
4756,7,7
4757,1,1
4758,2,2
4759,4,4
4760,5,5
4761,2,2
4762,8,8
4763,6,6
4764,1,4
4765,2,2
4766,6,6
4767,1,1
4768,8,8
4769,7,7
4770,3,3
4771,7,7
4772,3,3
4773,2,2
4774,1,1
4775,8,8
4776,9,9
4777,5,5
4778,5,5
4779,5,5
4780,6,6
4781,5,5
4782,2,2
4783,2,2
4784,2,2
4785,2,2
4786,8,8
4787,0,0
4788,3,3
4789,1,1
4790,2,2
4791,0,0
4792,0,0
4793,5,5
4794,8,8
4795,2,2
4796,4,4
4797,1,1
4798,0,0
4799,2,2
4800,5,5
4801,0,0
4802,7,7
4803,6,6
4804,1,1
4805,4,4
4806,6,6
4807,1,1
4808,6,6
4809,2,2
4810,9,9
4811,3,3
4812,7,7
4813,3,3
4814,2,2
4815,8,8
4816,2,2
4817,9,9
4818,6,6
4819,6,6
4820,2,2
4821,3,3
4822,8,8
4823,2,2
4824,8,8
4825,2,2
4826,5,5
4827,1,1
4828,9,9
4829,7,7
4830,4,4
4831,0,0
4832,9,9
4833,7,7
4834,8,8
4835,8,8
4836,0,0
4837,4,4
4838,1,1
4839,0,0
4840,0,0
4841,2,2
4842,4,4
4843,7,7
4844,2,2
4845,8,8
4846,3,3
4847,2,2
4848,8,8
4849,7,7
4850,7,7
4851,5,5
4852,3,3
4853,3,3
4854,8,8
4855,2,2
4856,0,0
4857,4,4
4858,7,7
4859,3,3
4860,2,2
4861,3,3
4862,4,4
4863,7,7
4864,0,0
4865,7,7
4866,1,1
4867,6,6
4868,9,9
4869,9,9
4870,2,2
4871,1,1
4872,4,4
4873,0,0
4874,7,7
4875,5,5
4876,7,2
4877,9,9
4878,0,0
4879,1,1
4880,8,8
4881,0,0
4882,3,3
4883,2,2
4884,7,7
4885,3,3
4886,7,7
4887,8,8
4888,0,0
4889,0,0
4890,0,0
4891,3,3
4892,4,4
4893,7,7
4894,1,1
4895,8,8
4896,3,3
4897,5,5
4898,6,6
4899,5,5
4900,6,6
4901,7,8
4902,1,1
4903,5,5
4904,0,0
4905,7,7
4906,8,8
4907,6,6
4908,8,8
4909,4,4
4910,0,0
4911,0,0
4912,0,0
4913,0,0
4914,5,5
4915,5,5
4916,3,3
4917,9,9
4918,7,7
4919,6,6
4920,2,2
4921,4,4
4922,1,1
4923,7,7
4924,5,5
4925,7,7
4926,9,9
4927,0,0
4928,6,6
4929,8,8
4930,4,4
4931,9,9
4932,8,8
4933,5,5
4934,2,2
4935,4,4
4936,6,6
4937,2,2
4938,4,4
4939,6,6
4940,0,0
4941,7,7
4942,8,8
4943,7,7
4944,5,5
4945,6,6
4946,1,1
4947,1,1
4948,8,8
4949,2,4
4950,9,9
4951,7,7
4952,4,4
4953,1,1
4954,5,3
4955,0,0
4956,6,6
4957,4,4
4958,4,4
4959,3,3
4960,1,1
4961,7,7
4962,2,2
4963,6,6
4964,6,6
4965,3,3
4966,4,4
4967,2,2
4968,5,5
4969,1,1
4970,2,2
4971,0,0
4972,7,7
4973,6,6
4974,8,8
4975,9,9
4976,3,3
4977,3,3
4978,5,5
4979,9,9
4980,5,5
4981,9,9
4982,0,0
4983,1,1
4984,5,5
4985,8,8
4986,2,2
4987,2,2
4988,7,7
4989,8,8
4990,9,9
4991,4,4
4992,9,9
4993,6,6
4994,8,8
4995,2,3
4996,1,1
4997,9,9
4998,0,0
4999,0,0
5000,1,1
5001,1,1
5002,7,7
5003,2,2
5004,2,2
5005,2,2
5006,6,6
5007,3,3
5008,7,7
5009,9,9
5010,4,4
5011,0,0
5012,6,6
5013,7,7
5014,5,5
5015,2,2
5016,6,6
5017,4,4
5018,9,9
5019,4,4
5020,4,4
5021,3,3
5022,5,5
5023,6,6
5024,9,9
5025,4,4
5026,9,9
5027,7,7
5028,9,9
5029,3,3
5030,9,9
5031,0,0
5032,9,9
5033,9,9
5034,2,2
5035,6,6
5036,1,1
5037,3,3
5038,1,1
5039,8,8
5040,1,1
5041,9,9
5042,0,0
5043,6,6
5044,8,8
5045,7,7
5046,1,1
5047,6,0
5048,8,8
5049,2,2
5050,7,7
5051,4,4
5052,7,7
5053,4,4
5054,9,9
5055,4,4
5056,2,2
5057,6,6
5058,5,5
5059,7,7
5060,4,4
5061,9,9
5062,4,4
5063,0,0
5064,4,4
5065,0,0
5066,3,3
5067,5,5
5068,8,8
5069,2,2
5070,9,9
5071,9,9
5072,9,9
5073,2,2
5074,2,2
5075,6,6
5076,4,4
5077,7,7
5078,0,0
5079,2,2
5080,0,0
5081,0,0
5082,6,6
5083,7,7
5084,8,8
5085,6,6
5086,9,8
5087,1,1
5088,0,0
5089,7,7
5090,7,7
5091,7,7
5092,0,0
5093,0,0
5094,1,1
5095,7,7
5096,8,8
5097,9,9
5098,0,0
5099,4,4
5100,4,4
5101,2,2
5102,9,9
5103,5,5
5104,2,2
5105,9,9
5106,1,1
5107,6,6
5108,0,0
5109,7,7
5110,8,8
5111,5,5
5112,8,8
5113,6,6
5114,6,6
5115,4,4
5116,5,5
5117,0,0
5118,9,9
5119,4,4
5120,7,7
5121,9,9
5122,6,6
5123,0,0
5124,6,6
5125,6,6
5126,6,6
5127,5,5
5128,3,3
5129,8,8
5130,8,8
5131,8,8
5132,9,9
5133,9,9
5134,7,7
5135,3,3
5136,3,3
5137,6,6
5138,2,2
5139,1,1
5140,0,0
5141,0,0
5142,2,2
5143,5,5
5144,6,6
5145,9,9
5146,1,1
5147,8,8
5148,2,2
5149,6,6
5150,1,1
5151,5,5
5152,2,2
5153,9,4
5154,0,0
5155,9,9
5156,9,9
5157,8,8
5158,6,6
5159,3,3
5160,2,2
5161,0,0
5162,4,4
5163,8,8
5164,4,4
5165,8,8
5166,3,3
5167,5,5
5168,3,3
5169,7,7
5170,9,9
5171,6,6
5172,3,3
5173,9,9
5174,6,6
5175,5,5
5176,1,1
5177,6,6
5178,8,8
5179,5,5
5180,6,6
5181,3,3
5182,4,4
5183,9,9
5184,4,4
5185,8,8
5186,0,0
5187,3,3
5188,0,0
5189,9,9
5190,4,4
5191,0,0
5192,9,9
5193,4,4
5194,2,2
5195,0,0
5196,6,6
5197,8,8
5198,6,6
5199,2,2
5200,7,7
5201,2,2
5202,6,6
5203,7,7
5204,3,3
5205,1,1
5206,5,5
5207,5,5
5208,1,1
5209,2,2
5210,5,5
5211,8,8
5212,7,7
5213,8,8
5214,8,8
5215,4,4
5216,3,3
5217,7,7
5218,3,3
5219,8,8
5220,0,0
5221,4,4
5222,7,7
5223,0,0
5224,0,0
5225,7,7
5226,9,9
5227,9,9
5228,5,5
5229,7,7
5230,5,5
5231,9,9
5232,0,0
5233,1,1
5234,1,1
5235,4,4
5236,3,3
5237,3,3
5238,8,8
5239,7,7
5240,1,1
5241,1,1
5242,0,0
5243,2,2
5244,2,2
5245,1,1
5246,5,5
5247,5,5
5248,6,6
5249,0,0
5250,6,6
5251,5,5
5252,2,2
5253,4,4
5254,1,1
5255,9,9
5256,7,7
5257,0,0
5258,3,2
5259,7,7
5260,3,3
5261,2,2
5262,5,5
5263,4,4
5264,9,9
5265,2,2
5266,3,3
5267,8,8
5268,7,7
5269,7,7
5270,2,2
5271,3,3
5272,2,2
5273,3,3
5274,7,7
5275,9,9
5276,7,7
5277,9,9
5278,5,5
5279,4,4
5280,1,1
5281,1,1
5282,3,3
5283,3,3
5284,4,4
5285,8,8
5286,7,7
5287,9,9
5288,6,6
5289,0,0
5290,3,3
5291,2,2
5292,2,2
5293,1,1
5294,7,7
5295,0,0
5296,9,9
5297,8,8
5298,3,3
5299,8,8
5300,2,2
5301,4,4
5302,9,9
5303,6,6
5304,8,8
5305,4,4
5306,8,8
5307,0,0
5308,8,8
5309,5,5
5310,0,0
5311,6,6
5312,7,7
5313,3,3
5314,6,6
5315,3,3
5316,5,5
5317,4,4
5318,0,0
5319,5,5
5320,0,0
5321,2,2
5322,2,2
5323,2,2
5324,6,6
5325,8,8
5326,7,7
5327,1,1
5328,3,3
5329,5,5
5330,0,0
5331,8,8
5332,5,5
5333,4,4
5334,5,5
5335,3,3
5336,6,6
5337,7,7
5338,0,0
5339,0,0
5340,1,1
5341,3,3
5342,7,7
5343,9,9
5344,4,4
5345,5,5
5346,9,9
5347,4,4
5348,2,2
5349,8,8
5350,0,0
5351,0,0
5352,0,0
5353,6,6
5354,4,4
5355,8,8
5356,1,1
5357,0,1
5358,2,2
5359,4,4
5360,2,2
5361,2,2
5362,4,4
5363,4,4
5364,2,2
5365,6,6
5366,7,7
5367,9,9
5368,3,3
5369,2,2
5370,9,9
5371,7,7
5372,5,5
5373,7,7
5374,4,4
5375,9,9
5376,0,0
5377,8,8
5378,2,2
5379,8,8
5380,3,3
5381,3,3
5382,9,9
5383,9,9
5384,1,1
5385,1,1
5386,4,4
5387,8,8
5388,0,0
5389,3,3
5390,0,0
5391,4,4
5392,3,3
5393,1,1
5394,0,0
5395,6,6
5396,4,4
5397,2,2
5398,9,9
5399,0,0
5400,5,5
5401,3,3
5402,7,7
5403,4,4
5404,9,9
5405,5,5
5406,6,6
5407,6,6
5408,8,8
5409,0,0
5410,1,1
5411,0,0
5412,7,7
5413,6,6
5414,4,4
5415,1,1
5416,7,7
5417,7,7
5418,3,3
5419,8,8
5420,2,2
5421,1,1
5422,4,4
5423,8,8
5424,0,0
5425,6,6
5426,3,3
5427,3,3
5428,6,6
5429,7,7
5430,1,1
5431,3,3
5432,8,8
5433,2,2
5434,3,3
5435,7,7
5436,2,2
5437,9,9
5438,1,1
5439,8,8
5440,5,5
5441,0,0
5442,3,3
5443,2,2
5444,5,9
5445,8,8
5446,7,7
5447,8,8
5448,5,5
5449,9,9
5450,5,5
5451,8,8
5452,0,0
5453,7,7
5454,0,0
5455,5,5
5456,9,9
5457,8,8
5458,8,8
5459,2,2
5460,6,6
5461,5,5
5462,3,3
5463,2,2
5464,9,9
5465,4,4
5466,1,1
5467,9,9
5468,3,3
5469,2,2
5470,9,9
5471,2,2
5472,1,1
5473,7,7
5474,1,1
5475,2,2
5476,8,8
5477,3,3
5478,8,8
5479,3,3
5480,5,5
5481,6,6
5482,5,5
5483,6,6
5484,0,0
5485,0,0
5486,5,5
5487,6,6
5488,9,9
5489,8,8
5490,3,3
5491,8,8
5492,4,4
5493,7,7
5494,2,2
5495,0,0
5496,4,4
5497,8,8
5498,1,1
5499,0,0
5500,1,1
5501,7,7
5502,1,1
5503,4,4
5504,3,3
5505,9,9
5506,8,8
5507,1,1
5508,4,4
5509,5,5
5510,3,3
5511,8,8
5512,4,4
5513,2,2
5514,5,5
5515,8,8
5516,9,9
5517,7,7
5518,2,2
5519,2,2
5520,5,5
5521,7,7
5522,8,8
5523,2,2
5524,8,8
5525,3,3
5526,8,8
5527,1,1
5528,9,9
5529,1,1
5530,6,6
5531,4,4
5532,5,5
5533,8,8
5534,4,4
5535,7,7
5536,0,0
5537,1,1
5538,3,3
5539,1,1
5540,8,8
5541,0,0
5542,8,8
5543,4,4
5544,2,2
5545,7,7
5546,3,3
5547,1,1
5548,9,9
5549,5,5
5550,5,5
5551,7,7
5552,5,5
5553,4,4
5554,7,7
5555,0,0
5556,0,0
5557,2,2
5558,9,9
5559,1,1
5560,7,7
5561,2,2
5562,3,3
5563,2,2
5564,0,0
5565,4,4
5566,4,4
5567,0,0
5568,8,8
5569,5,5
5570,3,3
5571,3,3
5572,7,7
5573,8,8
5574,9,9
5575,1,1
5576,7,7
5577,2,2
5578,7,7
5579,9,9
5580,4,4
5581,4,4
5582,3,3
5583,9,9
5584,3,3
5585,1,1
5586,1,1
5587,9,9
5588,8,8
5589,8,8
5590,9,9
5591,6,6
5592,4,4
5593,1,1
5594,8,8
5595,0,0
5596,8,8
5597,5,5
5598,7,7
5599,8,8
5600,9,9
5601,3,3
5602,3,3
5603,2,2
5604,9,9
5605,7,7
5606,6,6
5607,8,8
5608,7,7
5609,0,0
5610,3,3
5611,3,3
5612,3,3
5613,3,3
5614,7,7
5615,1,1
5616,7,7
5617,5,5
5618,9,9
5619,1,1
5620,8,8
5621,0,0
5622,9,9
5623,9,9
5624,8,8
5625,9,9
5626,2,2
5627,1,1
5628,4,4
5629,2,2
5630,3,3
5631,7,7
5632,4,4
5633,1,1
5634,0,0
5635,2,2
5636,7,7
5637,9,9
5638,2,2
5639,7,7
5640,3,3
5641,4,4
5642,1,1
5643,2,2
5644,7,7
5645,4,4
5646,9,9
5647,9,9
5648,0,0
5649,7,7
5650,5,5
5651,2,2
5652,4,4
5653,7,7
5654,2,2
5655,0,0
5656,0,0
5657,4,4
5658,7,7
5659,7,7
5660,1,1
5661,3,3
5662,4,4
5663,7,7
5664,1,1
5665,5,5
5666,4,4
5667,3,3
5668,0,0
5669,2,2
5670,8,8
5671,8,8
5672,2,2
5673,8,8
5674,3,3
5675,7,7
5676,2,2
5677,9,9
5678,3,3
5679,1,1
5680,0,0
5681,6,6
5682,3,3
5683,2,2
5684,2,2
5685,9,9
5686,4,4
5687,5,8
5688,1,1
5689,5,5
5690,8,8
5691,1,1
5692,6,6
5693,1,1
5694,3,3
5695,3,3
5696,0,0
5697,0,0
5698,8,8
5699,7,7
5700,9,9
5701,5,5
5702,6,6
5703,8,8
5704,5,5
5705,9,9
5706,9,9
5707,8,8
5708,3,3
5709,7,7
5710,5,5
5711,5,1
5712,3,3
5713,7,7
5714,1,1
5715,5,5
5716,1,1
5717,1,1
5718,4,4
5719,6,6
5720,1,1
5721,4,4
5722,7,7
5723,7,7
5724,2,2
5725,3,3
5726,6,6
5727,6,6
5728,3,3
5729,3,3
5730,7,7
5731,9,9
5732,4,4
5733,2,2
5734,1,1
5735,6,6
5736,7,7
5737,5,5
5738,8,8
5739,5,1
5740,3,3
5741,1,1
5742,7,7
5743,3,3
5744,6,6
5745,4,4
5746,3,5
5747,5,5
5748,7,7
5749,9,9
5750,1,1
5751,2,2
5752,3,3
5753,2,2
5754,9,9
5755,5,5
5756,2,2
5757,1,1
5758,9,9
5759,3,3
5760,0,0
5761,7,7
5762,9,9
5763,7,9
5764,6,6
5765,1,1
5766,3,3
5767,3,3
5768,3,3
5769,7,7
5770,7,7
5771,2,2
5772,5,5
5773,2,2
5774,8,8
5775,7,7
5776,3,3
5777,2,2
5778,9,9
5779,1,1
5780,4,4
5781,4,4
5782,3,3
5783,1,1
5784,1,1
5785,5,5
5786,1,1
5787,8,8
5788,9,9
5789,6,6
5790,5,5
5791,3,3
5792,6,6
5793,8,8
5794,9,9
5795,1,1
5796,8,8
5797,6,6
5798,1,2
5799,1,1
5800,7,7
5801,0,0
5802,4,4
5803,7,7
5804,6,6
5805,7,7
5806,9,9
5807,1,1
5808,1,1
5809,2,2
5810,0,0
5811,6,6
5812,1,1
5813,9,9
5814,9,9
5815,3,3
5816,7,7
5817,0,0
5818,4,4
5819,0,0
5820,2,2
5821,4,4
5822,7,7
5823,4,4
5824,2,2
5825,3,3
5826,0,0
5827,3,3
5828,1,1
5829,9,9
5830,3,3
5831,2,2
5832,8,8
5833,1,1
5834,9,9
5835,7,7
5836,9,9
5837,7,7
5838,9,9
5839,6,6
5840,7,7
5841,6,6
5842,8,8
5843,4,4
5844,4,4
5845,7,7
5846,6,6
5847,8,8
5848,8,8
5849,3,3
5850,4,4
5851,1,1
5852,5,5
5853,9,9
5854,7,7
5855,8,8
5856,6,6
5857,8,8
5858,7,7
5859,7,7
5860,7,7
5861,3,3
5862,5,5
5863,1,1
5864,4,4
5865,4,4
5866,9,9
5867,3,3
5868,2,2
5869,9,9
5870,7,7
5871,9,9
5872,7,7
5873,5,5
5874,2,2
5875,1,1
5876,8,8
5877,0,0
5878,8,8
5879,1,1
5880,3,3
5881,8,8
5882,6,6
5883,8,8
5884,5,5
5885,3,3
5886,7,7
5887,1,1
5888,3,3
5889,7,7
5890,1,1
5891,1,1
5892,0,0
5893,0,0
5894,5,5
5895,3,3
5896,3,3
5897,3,3
5898,6,6
5899,1,1
5900,5,5
5901,1,1
5902,3,3
5903,5,5
5904,1,1
5905,7,7
5906,9,9
5907,0,0
5908,8,8
5909,8,8
5910,3,3
5911,6,8
5912,2,2
5913,2,2
5914,8,8
5915,5,5
5916,9,9
5917,5,5
5918,7,7
5919,8,8
5920,9,9
5921,1,1
5922,5,5
5923,5,5
5924,1,1
5925,9,9
5926,1,1
5927,4,4
5928,8,9
5929,1,1
5930,6,6
5931,5,5
5932,2,2
5933,5,5
5934,9,9
5935,3,3
5936,7,7
5937,1,1
5938,0,0
5939,1,1
5940,9,9
5941,0,0
5942,0,0
5943,2,2
5944,8,8
5945,0,0
5946,3,3
5947,7,2
5948,2,2
5949,2,2
5950,3,3
5951,3,3
5952,7,7
5953,9,9
5954,7,7
5955,1,1
5956,1,1
5957,6,6
5958,8,8
5959,6,6
5960,5,9
5961,9,9
5962,7,7
5963,7,7
5964,3,3
5965,0,0
5966,8,8
5967,8,8
5968,8,8
5969,1,1
5970,6,6
5971,7,7
5972,4,4
5973,3,3
5974,1,1
5975,0,0
5976,6,6
5977,1,1
5978,4,4
5979,1,1
5980,9,9
5981,1,1
5982,6,6
5983,1,1
5984,6,6
5985,0,0
5986,6,6
5987,0,0
5988,3,3
5989,3,3
5990,6,6
5991,0,0
5992,3,3
5993,0,0
5994,5,5
5995,7,7
5996,6,6
5997,9,9
5998,2,2
5999,2,2
6000,3,2
6001,5,5
6002,4,4
6003,6,6
6004,6,6
6005,1,1
6006,2,2
6007,5,5
6008,1,1
6009,1,1
6010,1,1
6011,3,3
6012,5,5
6013,3,3
6014,7,7
6015,9,9
6016,1,1
6017,5,5
6018,2,2
6019,4,4
6020,6,6
6021,6,6
6022,2,2
6023,2,2
6024,5,5
6025,8,8
6026,9,9
6027,4,4
6028,1,1
6029,6,6
6030,7,7
6031,6,6
6032,3,3
6033,8,8
6034,5,5
6035,6,6
6036,3,3
6037,6,6
6038,3,3
6039,9,9
6040,8,8
6041,2,2
6042,4,4
6043,7,7
6044,3,3
6045,6,6
6046,8,8
6047,0,0
6048,8,8
6049,4,4
6050,3,3
6051,9,9
6052,4,4
6053,8,8
6054,9,9
6055,3,3
6056,0,0
6057,2,2
6058,6,6
6059,4,4
6060,6,6
6061,0,0
6062,0,0
6063,9,9
6064,5,5
6065,9,9
6066,3,3
6067,2,2
6068,2,2
6069,7,7
6070,2,2
6071,3,3
6072,3,3
6073,8,8
6074,0,0
6075,3,3
6076,3,3
6077,8,8
6078,6,6
6079,3,3
6080,0,0
6081,2,2
6082,4,4
6083,9,9
6084,8,8
6085,0,0
6086,1,1
6087,0,0
6088,5,5
6089,0,0
6090,6,6
6091,7,7
6092,3,3
6093,4,4
6094,4,4
6095,7,7
6096,9,9
6097,0,0
6098,9,9
6099,3,3
6100,8,8
6101,3,3
6102,4,4
6103,5,5
6104,7,7
6105,0,0
6106,9,9
6107,2,2
6108,6,6
6109,3,3
6110,7,8
6111,8,8
6112,6,6
6113,1,1
6114,2,2
6115,5,5
6116,4,4
6117,1,1
6118,0,0
6119,1,1
6120,9,9
6121,9,9
6122,5,5
6123,9,9
6124,6,6
6125,3,3
6126,6,6
6127,1,1
6128,1,1
6129,9,9
6130,4,4
6131,9,9
6132,3,3
6133,3,3
6134,3,3
6135,8,8
6136,5,5
6137,4,4
6138,3,3
6139,8,8
6140,9,9
6141,9,9
6142,5,5
6143,3,3
6144,1,1
6145,5,5
6146,0,0
6147,1,1
6148,4,4
6149,7,7
6150,0,0
6151,6,6
6152,6,6
6153,5,5
6154,3,3
6155,1,1
6156,4,4
6157,7,7
6158,4,4
6159,4,4
6160,9,9
6161,3,3
6162,8,8
6163,4,4
6164,7,7
6165,3,3
6166,7,3
6167,2,2
6168,9,9
6169,9,9
6170,4,4
6171,4,4
6172,1,1
6173,3,3
6174,0,0
6175,9,9
6176,1,1
6177,6,6
6178,6,6
6179,9,9
6180,5,5
6181,2,2
6182,8,8
6183,6,6
6184,6,6
6185,1,1
6186,3,3
6187,0,0
6188,2,2
6189,6,6
6190,4,4
6191,7,7
6192,0,0
6193,3,3
6194,2,2
6195,6,6
6196,3,3
6197,2,2
6198,0,0
6199,2,2
6200,0,0
6201,2,2
6202,0,0
6203,0,0
6204,6,6
6205,8,8
6206,8,8
6207,4,4
6208,1,1
6209,5,5
6210,3,3
6211,8,8
6212,8,8
6213,0,0
6214,5,5
6215,6,6
6216,7,7
6217,4,4
6218,8,8
6219,1,1
6220,9,9
6221,9,9
6222,3,3
6223,8,8
6224,3,3
6225,0,0
6226,3,3
6227,3,3
6228,2,2
6229,4,4
6230,8,8
6231,7,7
6232,4,4
6233,3,3
6234,1,1
6235,1,1
6236,8,8
6237,3,3
6238,6,6
6239,8,8
6240,3,3
6241,7,1
6242,7,7
6243,1,1
6244,3,3
6245,8,8
6246,1,1
6247,0,0
6248,9,9
6249,8,8
6250,9,9
6251,8,8
6252,5,5
6253,1,1
6254,2,2
6255,9,9
6256,8,8
6257,2,2
6258,1,1
6259,1,1
6260,1,1
6261,1,1
6262,6,6
6263,7,7
6264,5,5
6265,5,5
6266,5,5
6267,2,2
6268,3,3
6269,5,5
6270,5,5
6271,6,6
6272,2,2
6273,9,9
6274,4,4
6275,2,2
6276,7,7
6277,2,2
6278,9,9
6279,0,0
6280,5,5
6281,6,6
6282,4,4
6283,8,8
6284,3,3
6285,0,0
6286,2,2
6287,5,5
6288,9,9
6289,6,6
6290,4,4
6291,6,6
6292,9,9
6293,9,9
6294,2,2
6295,1,1
6296,1,1
6297,1,1
6298,2,2
6299,8,8
6300,3,3
6301,6,6
6302,8,8
6303,1,1
6304,5,5
6305,7,7
6306,4,4
6307,7,7
6308,0,0
6309,9,9
6310,6,6
6311,7,7
6312,0,0
6313,2,2
6314,8,8
6315,6,6
6316,4,4
6317,9,9
6318,5,5
6319,4,4
6320,3,3
6321,8,8
6322,7,7
6323,9,9
6324,1,1
6325,4,4
6326,8,8
6327,9,9
6328,0,0
6329,1,1
6330,9,9
6331,0,0
6332,1,1
6333,9,9
6334,6,6
6335,8,8
6336,3,3
6337,0,0
6338,8,8
6339,9,9
6340,0,0
6341,4,4
6342,4,4
6343,8,8
6344,4,4
6345,6,6
6346,3,3
6347,3,3
6348,9,9
6349,1,1
6350,4,4
6351,5,5
6352,9,9
6353,6,6
6354,7,7
6355,6,6
6356,1,1
6357,2,2
6358,0,0
6359,6,6
6360,1,1
6361,1,1
6362,0,0
6363,5,5
6364,9,9
6365,7,7
6366,8,8
6367,4,4
6368,8,8
6369,0,0
6370,6,6
6371,9,9
6372,2,2
6373,7,7
6374,8,8
6375,2,2
6376,2,2
6377,1,1
6378,2,2
6379,7,7
6380,6,6
6381,0,0
6382,8,8
6383,8,8
6384,5,5
6385,7,7
6386,6,6
6387,0,0
6388,7,7
6389,9,9
6390,4,4
6391,3,3
6392,7,7
6393,1,1
6394,2,2
6395,5,5
6396,8,8
6397,4,4
6398,9,9
6399,4,4
6400,8,8
6401,0,0
6402,4,4
6403,0,0
6404,8,8
6405,6,6
6406,5,5
6407,3,3
6408,5,5
6409,4,4
6410,0,0
6411,9,9
6412,0,0
6413,8,8
6414,9,9
6415,0,0
6416,6,6
6417,9,9
6418,7,7
6419,0,0
6420,2,2
6421,0,0
6422,9,9
6423,7,7
6424,6,6
6425,0,0
6426,7,7
6427,0,0
6428,8,8
6429,7,7
6430,5,5
6431,2,2
6432,5,5
6433,2,2
6434,3,3
6435,9,9
6436,9,9
6437,8,8
6438,6,6
6439,9,9
6440,1,1
6441,8,8
6442,6,6
6443,8,8
6444,7,7
6445,1,1
6446,6,6
6447,7,7
6448,2,2
6449,9,9
6450,0,0
6451,4,4
6452,1,1
6453,7,7
6454,0,0
6455,5,5
6456,0,0
6457,0,0
6458,7,7
6459,4,4
6460,0,0
6461,2,2
6462,6,6
6463,7,7
6464,3,3
6465,1,1
6466,4,4
6467,6,6
6468,4,4
6469,0,0
6470,3,3
6471,1,1
6472,0,0
6473,2,2
6474,3,3
6475,7,7
6476,5,5
6477,6,6
6478,9,9
6479,3,3
6480,9,9
6481,9,9
6482,0,0
6483,9,9
6484,3,3
6485,9,9
6486,8,8
6487,3,3
6488,4,4
6489,0,0
6490,1,1
6491,6,6
6492,0,0
6493,6,6
6494,4,4
6495,7,7
6496,5,5
6497,0,0
6498,9,9
6499,1,1
6500,9,9
6501,5,5
6502,0,0
6503,5,5
6504,2,2
6505,0,0
6506,2,2
6507,6,6
6508,4,4
6509,9,9
6510,1,1
6511,0,0
6512,6,6
6513,2,2
6514,0,0
6515,4,4
6516,7,7
6517,6,6
6518,3,3
6519,7,7
6520,5,5
6521,6,6
6522,1,1
6523,9,9
6524,7,7
6525,0,0
6526,6,6
6527,5,5
6528,3,3
6529,1,1
6530,9,9
6531,2,2
6532,0,0
6533,2,2
6534,3,8
6535,5,5
6536,5,5
6537,9,9
6538,7,1
6539,1,1
6540,2,4
6541,7,7
6542,6,6
6543,6,6
6544,8,8
6545,2,2
6546,7,7
6547,3,3
6548,1,1
6549,3,3
6550,1,1
6551,9,9
6552,2,2
6553,0,0
6554,2,2
6555,3,3
6556,3,3
6557,0,0
6558,7,7
6559,5,5
6560,1,1
6561,7,7
6562,6,6
6563,2,2
6564,5,5
6565,6,6
6566,5,5
6567,9,9
6568,5,5
6569,0,0
6570,7,7
6571,3,3
6572,6,6
6573,6,6
6574,1,1
6575,6,6
6576,4,4
6577,9,9
6578,4,4
6579,4,4
6580,9,9
6581,8,8
6582,7,7
6583,1,1
6584,6,6
6585,2,2
6586,9,0
6587,1,1
6588,7,7
6589,0,0
6590,1,1
6591,9,9
6592,3,3
6593,2,2
6594,9,9
6595,7,7
6596,6,6
6597,5,5
6598,3,3
6599,9,9
6600,4,4
6601,3,3
6602,5,5
6603,1,1
6604,0,0
6605,7,7
6606,4,4
6607,2,2
6608,6,6
6609,6,6
6610,9,9
6611,3,3
6612,7,7
6613,9,9
6614,0,0
6615,1,1
6616,0,0
6617,9,9
6618,9,9
6619,8,8
6620,7,7
6621,8,8
6622,9,9
6623,2,2
6624,5,5
6625,9,9
6626,9,9
6627,4,4
6628,1,1
6629,9,9
6630,3,3
6631,4,4
6632,7,7
6633,2,2
6634,9,9
6635,3,3
6636,6,6
6637,0,0
6638,0,0
6639,2,2
6640,8,8
6641,7,7
6642,0,0
6643,5,5
6644,6,6
6645,3,3
6646,5,5
6647,6,6
6648,6,6
6649,1,1
6650,4,4
6651,8,8
6652,8,8
6653,3,3
6654,6,6
6655,8,8
6656,9,9
6657,9,9
6658,6,6
6659,4,4
6660,9,9
6661,5,5
6662,8,8
6663,8,8
6664,4,4
6665,1,1
6666,5,5
6667,5,5
6668,4,4
6669,9,9
6670,7,7
6671,1,1
6672,6,6
6673,2,2
6674,9,9
6675,0,0
6676,1,1
6677,3,3
6678,4,4
6679,3,3
6680,6,6
6681,9,9
6682,8,8
6683,8,8
6684,5,5
6685,0,0
6686,1,1
6687,1,1
6688,9,9
6689,6,6
6690,6,6
6691,3,3
6692,7,7
6693,8,8
6694,3,3
6695,0,0
6696,8,8
6697,0,0
6698,8,8
6699,5,5
6700,4,4
6701,8,8
6702,5,5
6703,2,2
6704,0,0
6705,9,9
6706,3,3
6707,8,8
6708,5,5
6709,9,9
6710,9,9
6711,1,1
6712,9,9
6713,1,1
6714,6,6
6715,7,7
6716,7,7
6717,6,6
6718,2,2
6719,1,1
6720,6,6
6721,9,9
6722,3,3
6723,1,1
6724,3,3
6725,1,1
6726,7,7
6727,4,4
6728,7,7
6729,1,1
6730,7,7
6731,0,0
6732,1,1
6733,4,4
6734,1,1
6735,7,7
6736,1,1
6737,1,1
6738,4,4
6739,2,2
6740,0,0
6741,5,5
6742,1,1
6743,6,6
6744,5,5
6745,8,8
6746,1,1
6747,3,3
6748,8,8
6749,2,2
6750,8,8
6751,1,1
6752,4,4
6753,1,1
6754,7,7
6755,5,5
6756,2,2
6757,7,7
6758,0,0
6759,7,7
6760,5,5
6761,0,0
6762,8,8
6763,1,1
6764,9,9
6765,0,0
6766,2,2
6767,4,4
6768,4,4
6769,7,7
6770,0,0
6771,8,8
6772,5,5
6773,4,4
6774,1,1
6775,7,7
6776,9,9
6777,0,0
6778,9,9
6779,5,5
6780,8,8
6781,5,5
6782,1,1
6783,2,2
6784,5,5
6785,8,8
6786,0,0
6787,7,7
6788,3,3
6789,9,9
6790,3,3
6791,9,9
6792,1,1
6793,8,8
6794,1,1
6795,5,5
6796,4,4
6797,3,3
6798,0,0
6799,9,9
6800,4,4
6801,7,7
6802,2,2
6803,5,5
6804,8,8
6805,6,6
6806,9,9
6807,8,8
6808,6,6
6809,8,8
6810,2,2
6811,4,4
6812,3,3
6813,6,6
6814,7,7
6815,4,4
6816,8,8
6817,2,2
6818,6,6
6819,3,3
6820,5,5
6821,5,5
6822,1,1
6823,6,6
6824,6,6
6825,6,6
6826,2,2
6827,6,6
6828,7,7
6829,3,3
6830,2,2
6831,7,7
6832,8,8
6833,3,3
6834,5,5
6835,6,6
6836,1,1
6837,7,7
6838,3,3
6839,4,4
6840,8,8
6841,3,3
6842,2,2
6843,3,3
6844,9,9
6845,4,4
6846,7,7
6847,1,1
6848,6,6
6849,3,3
6850,2,2
6851,9,9
6852,6,6
6853,3,3
6854,9,9
6855,3,3
6856,9,9
6857,0,0
6858,4,4
6859,8,8
6860,6,6
6861,4,4
6862,7,7
6863,1,1
6864,5,5
6865,9,9
6866,6,6
6867,5,5
6868,3,3
6869,5,5
6870,9,9
6871,8,8
6872,5,5
6873,0,0
6874,7,7
6875,0,0
6876,0,0
6877,2,2
6878,6,6
6879,0,0
6880,8,8
6881,0,0
6882,7,7
6883,8,8
6884,6,6
6885,0,0
6886,6,6
6887,4,4
6888,0,0
6889,2,2
6890,7,7
6891,2,2
6892,9,9
6893,7,7
6894,7,7
6895,9,9
6896,2,2
6897,7,7
6898,1,1
6899,3,3
6900,3,3
6901,6,6
6902,5,5
6903,3,3
6904,1,1
6905,9,9
6906,5,5
6907,1,1
6908,8,8
6909,0,0
6910,2,2
6911,0,0
6912,0,0
6913,1,1
6914,8,8
6915,4,4
6916,2,2
6917,0,0
6918,4,4
6919,2,2
6920,1,1
6921,4,4
6922,0,0
6923,0,0
6924,1,1
6925,2,2
6926,2,2
6927,9,9
6928,2,2
6929,7,7
6930,0,0
6931,4,4
6932,9,9
6933,0,0
6934,9,9
6935,7,7
6936,5,5
6937,8,8
6938,7,7
6939,9,9
6940,1,1
6941,7,7
6942,7,7
6943,1,1
6944,0,0
6945,2,2
6946,2,2
6947,8,8
6948,5,5
6949,1,1
6950,3,3
6951,6,6
6952,7,7
6953,1,1
6954,1,1
6955,5,5
6956,6,6
6957,8,8
6958,5,5
6959,3,3
6960,1,1
6961,7,7
6962,6,6
6963,9,9
6964,5,5
6965,6,6
6966,8,8
6967,2,2
6968,6,6
6969,4,4
6970,7,7
6971,1,1
6972,7,7
6973,2,2
6974,6,6
6975,9,9
6976,2,2
6977,4,4
6978,6,6
6979,5,5
6980,7,7
6981,1,1
6982,8,8
6983,0,0
6984,5,5
6985,7,7
6986,1,1
6987,7,7
6988,6,6
6989,4,4
6990,6,4
6991,8,8
6992,6,6
6993,1,1
6994,1,1
6995,2,2
6996,3,3
6997,9,9
6998,4,4
6999,2,2
7000,2,2
7001,2,2
7002,3,3
7003,7,7
7004,7,7
7005,7,7
7006,3,3
7007,6,6
7008,4,4
7009,1,1
7010,6,6
7011,2,2
7012,7,7
7013,2,2
7014,8,8
7015,6,6
7016,4,4
7017,2,2
7018,8,8
7019,6,6
7020,8,8
7021,9,9
7022,6,6
7023,8,8
7024,0,0
7025,2,2
7026,9,9
7027,7,7
7028,4,4
7029,7,7
7030,8,8
7031,7,7
7032,6,6
7033,9,9
7034,1,1
7035,4,4
7036,4,4
7037,2,2
7038,0,0
7039,4,4
7040,7,7
7041,8,8
7042,1,1
7043,8,8
7044,3,3
7045,0,0
7046,5,5
7047,6,6
7048,9,9
7049,7,7
7050,4,4
7051,7,7
7052,9,9
7053,6,6
7054,0,0
7055,3,3
7056,2,2
7057,1,1
7058,9,9
7059,5,5
7060,1,1
7061,4,4
7062,3,3
7063,6,6
7064,7,7
7065,5,5
7066,5,9
7067,2,2
7068,5,5
7069,2,2
7070,3,3
7071,9,9
7072,0,0
7073,3,3
7074,5,5
7075,2,2
7076,3,3
7077,5,5
7078,8,8
7079,6,6
7080,3,3
7081,4,4
7082,4,4
7083,5,5
7084,9,9
7085,9,9
7086,7,7
7087,8,8
7088,7,7
7089,8,8
7090,3,3
7091,9,9
7092,3,3
7093,4,4
7094,4,4
7095,2,2
7096,0,0
7097,1,1
7098,4,4
7099,2,2
7100,1,1
7101,2,2
7102,2,2
7103,5,5
7104,8,8
7105,6,6
7106,9,9
7107,6,6
7108,1,1
7109,1,1
7110,3,3
7111,0,0
7112,6,6
7113,3,3
7114,4,4
7115,7,7
7116,5,5
7117,3,3
7118,9,9
7119,8,8
7120,7,7
7121,2,2
7122,2,2
7123,7,7
7124,5,5
7125,5,5
7126,4,4
7127,8,8
7128,0,0
7129,0,0
7130,3,3
7131,4,4
7132,5,5
7133,6,6
7134,4,4
7135,5,5
7136,4,4
7137,2,2
7138,1,1
7139,0,0
7140,1,1
7141,6,6
7142,6,4
7143,6,6
7144,3,3
7145,7,7
7146,3,3
7147,6,6
7148,5,8
7149,9,9
7150,8,8
7151,6,6
7152,2,2
7153,3,3
7154,5,5
7155,9,9
7156,8,8
7157,2,2
7158,9,9
7159,6,6
7160,4,4
7161,9,9
7162,2,2
7163,7,7
7164,9,9
7165,0,0
7166,1,1
7167,1,1
7168,6,6
7169,6,6
7170,0,0
7171,1,1
7172,8,8
7173,0,0
7174,3,2
7175,1,1
7176,8,8
7177,5,5
7178,3,3
7179,4,4
7180,0,0
7181,9,9
7182,4,4
7183,9,9
7184,0,0
7185,1,1
7186,7,7
7187,6,6
7188,3,3
7189,3,3
7190,1,1
7191,3,3
7192,4,4
7193,3,3
7194,2,2
7195,2,2
7196,3,3
7197,9,9
7198,4,4
7199,0,0
7200,9,9
7201,6,6
7202,7,7
7203,2,2
7204,5,5
7205,1,1
7206,8,8
7207,9,9
7208,9,9
7209,4,4
7210,3,3
7211,7,7
7212,2,2
7213,1,1
7214,8,8
7215,3,3
7216,6,6
7217,9,9
7218,4,4
7219,1,1
7220,1,1
7221,4,4
7222,9,9
7223,2,2
7224,3,3
7225,3,3
7226,4,4
7227,2,2
7228,4,4
7229,8,8
7230,2,2
7231,7,7
7232,0,0
7233,4,4
7234,5,5
7235,0,0
7236,6,6
7237,5,5
7238,8,8
7239,4,4
7240,1,1
7241,9,9
7242,0,0
7243,8,8
7244,7,7
7245,2,2
7246,8,8
7247,1,1
7248,2,2
7249,4,4
7250,9,9
7251,2,2
7252,5,5
7253,9,9
7254,6,6
7255,9,9
7256,4,4
7257,1,1
7258,3,3
7259,9,9
7260,7,7
7261,3,3
7262,3,3
7263,7,7
7264,3,3
7265,1,1
7266,6,6
7267,1,1
7268,2,2
7269,8,8
7270,8,8
7271,0,0
7272,9,9
7273,8,8
7274,8,8
7275,0,0
7276,6,6
7277,1,1
7278,7,7
7279,9,9
7280,9,9
7281,1,1
7282,6,6
7283,2,2
7284,9,9
7285,0,0
7286,9,9
7287,2,2
7288,4,4
7289,3,7
7290,2,2
7291,3,3
7292,0,0
7293,3,3
7294,7,7
7295,8,8
7296,0,0
7297,4,4
7298,3,3
7299,3,3
7300,0,0
7301,8,8
7302,2,2
7303,5,5
7304,3,3
7305,6,6
7306,2,2
7307,4,4
7308,5,5
7309,0,0
7310,6,6
7311,0,0
7312,2,2
7313,9,9
7314,8,8
7315,7,7
7316,6,6
7317,7,7
7318,2,2
7319,9,9
7320,3,3
7321,1,1
7322,7,7
7323,8,8
7324,8,8
7325,0,0
7326,2,2
7327,6,6
7328,3,3
7329,8,8
7330,0,0
7331,6,6
7332,6,6
7333,6,6
7334,9,9
7335,5,5
7336,9,9
7337,6,6
7338,9,9
7339,4,4
7340,5,5
7341,2,2
7342,1,1
7343,2,2
7344,3,3
7345,6,6
7346,9,9
7347,4,4
7348,6,6
7349,9,9
7350,2,2
7351,1,1
7352,1,1
7353,7,7
7354,3,3
7355,0,0
7356,1,1
7357,1,1
7358,8,8
7359,4,4
7360,8,8
7361,4,4
7362,2,2
7363,2,2
7364,6,6
7365,4,4
7366,7,7
7367,6,6
7368,2,2
7369,6,6
7370,7,7
7371,6,6
7372,3,3
7373,8,8
7374,7,7
7375,1,1
7376,7,7
7377,1,1
7378,9,9
7379,0,0
7380,5,5
7381,1,1
7382,7,7
7383,3,3
7384,2,2
7385,2,2
7386,1,1
7387,8,8
7388,1,1
7389,4,4
7390,6,6
7391,4,4
7392,8,8
7393,5,5
7394,6,6
7395,7,7
7396,8,8
7397,0,0
7398,8,8
7399,2,2
7400,5,5
7401,9,9
7402,0,0
7403,6,6
7404,1,1
7405,2,2
7406,8,8
7407,7,7
7408,0,0
7409,1,1
7410,2,2
7411,4,4
7412,7,7
7413,0,0
7414,0,0
7415,7,7
7416,1,1
7417,0,0
7418,3,3
7419,5,5
7420,1,1
7421,2,2
7422,1,1
7423,9,9
7424,6,6
7425,0,0
7426,8,8
7427,7,7
7428,4,4
7429,1,1
7430,9,9
7431,9,9
7432,8,8
7433,2,2
7434,1,1
7435,3,3
7436,9,9
7437,2,2
7438,3,3
7439,1,1
7440,6,6
7441,8,8
7442,9,9
7443,9,9
7444,5,5
7445,6,6
7446,0,0
7447,1,1
7448,0,0
7449,0,0
7450,4,4
7451,0,0
7452,0,0
7453,8,8
7454,4,4
7455,9,9
7456,6,6
7457,3,3
7458,6,6
7459,7,7
7460,8,8
7461,3,3
7462,6,6
7463,1,1
7464,9,9
7465,0,0
7466,1,1
7467,4,4
7468,6,6
7469,2,2
7470,6,6
7471,8,8
7472,4,4
7473,6,6
7474,2,2
7475,7,7
7476,9,9
7477,4,4
7478,6,6
7479,7,7
7480,7,7
7481,7,7
7482,8,8
7483,4,4
7484,6,6
7485,7,7
7486,7,7
7487,0,0
7488,0,0
7489,2,2
7490,2,2
7491,2,2
7492,3,3
7493,4,4
7494,2,2
7495,6,6
7496,7,7
7497,0,0
7498,7,7
7499,7,7
7500,2,2
7501,1,1
7502,1,1
7503,6,6
7504,7,7
7505,9,7
7506,1,1
7507,2,2
7508,5,5
7509,5,5
7510,2,2
7511,3,3
7512,5,5
7513,6,6
7514,4,4
7515,8,8
7516,6,6
7517,8,8
7518,1,1
7519,7,7
7520,5,5
7521,6,6
7522,5,5
7523,3,3
7524,1,1
7525,1,1
7526,3,3
7527,5,5
7528,5,5
7529,1,1
7530,3,3
7531,2,2
7532,2,2
7533,0,0
7534,8,8
7535,9,9
7536,8,8
7537,5,8
7538,2,2
7539,5,5
7540,0,0
7541,9,9
7542,6,6
7543,5,5
7544,6,6
7545,1,1
7546,2,2
7547,5,5
7548,6,6
7549,7,7
7550,9,9
7551,8,8
7552,3,3
7553,9,9
7554,6,6
7555,6,6
7556,4,4
7557,9,9
7558,4,4
7559,9,9
7560,9,9
7561,7,7
7562,7,7
7563,1,1
7564,1,1
7565,9,9
7566,5,5
7567,4,4
7568,0,0
7569,7,7
7570,0,0
7571,0,0
7572,0,0
7573,9,9
7574,3,3
7575,4,4
7576,9,9
7577,7,7
7578,7,7
7579,5,5
7580,4,4
7581,6,6
7582,0,0
7583,7,7
7584,4,4
7585,6,6
7586,3,3
7587,6,6
7588,7,7
7589,6,6
7590,0,0
7591,6,6
7592,6,6
7593,9,9
7594,9,9
7595,4,4
7596,7,7
7597,4,4
7598,9,9
7599,0,0
7600,9,9
7601,7,7
7602,7,7
7603,6,6
7604,2,2
7605,3,3
7606,9,9
7607,4,4
7608,5,5
7609,7,7
7610,1,1
7611,8,8
7612,3,3
7613,8,8
7614,8,8
7615,6,6
7616,3,3
7617,7,7
7618,8,8
7619,1,1
7620,6,6
7621,6,6
7622,7,7
7623,8,8
7624,0,0
7625,5,5
7626,4,4
7627,3,3
7628,2,2
7629,0,0
7630,5,5
7631,5,5
7632,0,0
7633,7,7
7634,9,9
7635,8,8
7636,1,1
7637,4,4
7638,4,4
7639,2,2
7640,5,5
7641,2,2
7642,6,6
7643,5,5
7644,2,2
7645,1,1
7646,2,2
7647,9,9
7648,6,6
7649,1,1
7650,0,0
7651,1,1
7652,9,9
7653,5,5
7654,3,3
7655,8,8
7656,5,5
7657,4,4
7658,8,8
7659,7,7
7660,5,5
7661,8,8
7662,6,6
7663,8,8
7664,3,3
7665,7,7
7666,4,4
7667,9,9
7668,5,5
7669,7,7
7670,1,1
7671,8,8
7672,8,8
7673,5,5
7674,8,8
7675,1,1
7676,4,4
7677,9,9
7678,6,6
7679,7,7
7680,9,9
7681,0,0
7682,2,2
7683,3,3
7684,9,9
7685,8,8
7686,8,8
7687,6,6
7688,7,7
7689,5,5
7690,3,3
7691,6,6
7692,3,3
7693,8,8
7694,7,7
7695,6,6
7696,6,6
7697,5,5
7698,1,1
7699,3,3
7700,0,0
7701,7,7
7702,4,4
7703,3,3
7704,1,1
7705,2,2
7706,0,0
7707,6,6
7708,3,3
7709,1,1
7710,8,8
7711,4,4
7712,6,6
7713,7,7
7714,3,3
7715,0,0
7716,4,4
7717,2,2
7718,8,8
7719,2,2
7720,7,7
7721,7,7
7722,7,7
7723,3,3
7724,1,1
7725,6,6
7726,3,3
7727,9,9
7728,6,6
7729,7,7
7730,4,4
7731,4,4
7732,6,6
7733,2,2
7734,4,4
7735,4,4
7736,4,4
7737,5,5
7738,6,6
7739,2,2
7740,8,8
7741,4,4
7742,8,8
7743,8,8
7744,2,2
7745,6,6
7746,4,4
7747,3,3
7748,1,1
7749,6,6
7750,2,2
7751,6,6
7752,6,6
7753,6,6
7754,5,5
7755,0,0
7756,7,7
7757,2,2
7758,3,3
7759,7,7
7760,2,2
7761,3,3
7762,1,1
7763,5,5
7764,6,6
7765,8,8
7766,8,8
7767,7,7
7768,8,8
7769,0,0
7770,9,9
7771,5,5
7772,6,6
7773,9,9
7774,6,6
7775,9,9
7776,9,9
7777,8,8
7778,4,4
7779,9,9
7780,1,1
7781,3,3
7782,1,1
7783,0,0
7784,2,2
7785,8,8
7786,3,3
7787,4,4
7788,6,6
7789,6,6
7790,2,2
7791,1,1
7792,6,6
7793,9,9
7794,6,6
7795,1,1
7796,2,2
7797,9,8
7798,8,8
7799,9,9
7800,0,0
7801,7,7
7802,3,3
7803,5,5
7804,5,5
7805,2,2
7806,0,0
7807,2,2
7808,3,3
7809,7,7
7810,5,5
7811,3,3
7812,6,6
7813,8,8
7814,5,5
7815,2,2
7816,7,7
7817,1,1
7818,2,2
7819,1,1
7820,2,2
7821,0,0
7822,0,0
7823,8,8
7824,6,6
7825,6,6
7826,6,6
7827,3,3
7828,7,7
7829,4,4
7830,9,9
7831,3,3
7832,8,8
7833,1,1
7834,0,0
7835,8,8
7836,2,2
7837,0,0
7838,2,2
7839,4,4
7840,0,0
7841,0,0
7842,7,7
7843,7,7
7844,1,1
7845,6,6
7846,3,3
7847,9,9
7848,2,2
7849,3,3
7850,0,0
7851,7,7
7852,7,8
7853,0,0
7854,3,3
7855,9,9
7856,4,4
7857,6,6
7858,8,8
7859,7,7
7860,8,8
7861,8,8
7862,0,0
7863,6,6
7864,3,3
7865,7,7
7866,8,8
7867,0,0
7868,8,8
7869,1,1
7870,6,6
7871,9,9
7872,8,8
7873,2,2
7874,0,0
7875,0,0
7876,9,9
7877,7,7
7878,5,5
7879,6,6
7880,2,2
7881,5,5
7882,6,6
7883,7,7
7884,8,8
7885,9,9
7886,0,0
7887,7,7
7888,9,9
7889,2,2
7890,3,3
7891,9,9
7892,4,4
7893,7,7
7894,6,6
7895,8,8
7896,0,0
7897,9,9
7898,6,6
7899,8,8
7900,4,4
7901,1,1
7902,9,9
7903,8,8
7904,3,3
7905,7,7
7906,4,4
7907,3,3
7908,7,7
7909,0,0
7910,2,2
7911,7,7
7912,3,3
7913,8,8
7914,0,0
7915,8,8
7916,3,3
7917,8,8
7918,2,2
7919,6,6
7920,0,0
7921,8,8
7922,3,3
7923,6,6
7924,5,5
7925,3,3
7926,1,1
7927,2,2
7928,2,2
7929,9,9
7930,0,0
7931,4,4
7932,1,1
7933,1,1
7934,4,4
7935,8,8
7936,3,3
7937,0,0
7938,6,6
7939,6,6
7940,7,7
7941,6,6
7942,9,9
7943,1,1
7944,9,9
7945,7,7
7946,6,6
7947,5,5
7948,5,5
7949,9,9
7950,9,9
7951,0,0
7952,1,1
7953,5,5
7954,1,1
7955,6,6
7956,2,2
7957,3,3
7958,9,9
7959,2,2
7960,1,1
7961,4,4
7962,3,7
7963,0,0
7964,6,6
7965,2,2
7966,5,5
7967,2,2
7968,8,8
7969,9,9
7970,1,1
7971,1,1
7972,5,5
7973,9,4
7974,9,9
7975,8,8
7976,3,3
7977,2,2
7978,6,6
7979,5,5
7980,3,2
7981,0,0
7982,6,6
7983,0,0
7984,0,0
7985,1,1
7986,5,5
7987,2,2
7988,8,8
7989,6,6
7990,3,3
7991,3,3
7992,7,7
7993,1,1
7994,9,9
7995,2,2
7996,7,7
7997,5,5
7998,0,0
7999,7,7
8000,2,2
8001,6,6
8002,5,5
8003,9,9
8004,1,1
8005,7,7
8006,3,3
8007,0,0
8008,5,5
8009,7,7
8010,9,9
8011,1,1
8012,7,7
8013,1,1
8014,6,6
8015,3,3
8016,9,9
8017,1,1
8018,5,5
8019,5,5
8020,2,2
8021,6,6
8022,2,2
8023,3,3
8024,0,0
8025,4,4
8026,6,6
8027,8,8
8028,5,5
8029,5,5
8030,3,3
8031,3,3
8032,9,9
8033,1,1
8034,7,7
8035,2,2
8036,7,7
8037,0,0
8038,7,7
8039,9,9
8040,8,8
8041,9,9
8042,6,6
8043,9,9
8044,1,1
8045,2,2
8046,7,7
8047,0,0
8048,8,8
8049,2,2
8050,7,7
8051,4,4
8052,3,3
8053,2,2
8054,2,2
8055,3,3
8056,0,0
8057,7,7
8058,3,3
8059,7,7
8060,0,0
8061,7,7
8062,7,7
8063,2,2
8064,4,4
8065,6,6
8066,2,2
8067,3,3
8068,2,2
8069,3,3
8070,9,9
8071,8,8
8072,2,2
8073,3,3
8074,4,4
8075,7,7
8076,7,7
8077,0,0
8078,2,2
8079,9,9
8080,1,1
8081,7,7
8082,7,7
8083,9,9
8084,9,9
8085,8,8
8086,8,8
8087,6,6
8088,7,7
8089,7,7
8090,9,9
8091,1,1
8092,7,7
8093,1,1
8094,9,9
8095,6,6
8096,1,1
8097,7,7
8098,7,7
8099,7,7
8100,3,3
8101,2,2
8102,7,7
8103,0,0
8104,2,2
8105,5,5
8106,9,9
8107,2,2
8108,4,4
8109,8,8
8110,2,2
8111,6,6
8112,2,2
8113,9,9
8114,2,2
8115,4,4
8116,0,0
8117,2,2
8118,4,4
8119,2,2
8120,0,0
8121,0,0
8122,5,5
8123,4,4
8124,2,2
8125,3,3
8126,8,8
8127,4,4
8128,7,7
8129,8,8
8130,8,8
8131,2,2
8132,6,6
8133,2,2
8134,2,2
8135,2,2
8136,6,6
8137,9,9
8138,2,2
8139,6,6
8140,8,8
8141,0,0
8142,7,7
8143,2,2
8144,9,9
8145,2,2
8146,3,3
8147,0,0
8148,7,7
8149,0,0
8150,4,4
8151,9,9
8152,2,2
8153,2,2
8154,2,2
8155,0,0
8156,7,7
8157,2,2
8158,0,0
8159,7,7
8160,0,0
8161,7,9
8162,3,3
8163,9,9
8164,0,0
8165,8,8
8166,9,9
8167,0,0
8168,9,9
8169,2,2
8170,5,5
8171,0,0
8172,6,6
8173,1,1
8174,0,0
8175,9,9
8176,2,2
8177,3,3
8178,0,0
8179,4,4
8180,1,1
8181,1,1
8182,2,2
8183,2,2
8184,0,0
8185,9,9
8186,8,8
8187,1,1
8188,1,1
8189,1,1
8190,5,5
8191,6,6
8192,7,7
8193,0,0
8194,0,0
8195,6,6
8196,6,6
8197,4,4
8198,0,0
8199,8,8
8200,2,2
8201,0,0
8202,7,7
8203,9,9
8204,3,3
8205,8,8
8206,5,9
8207,3,3
8208,5,5
8209,0,0
8210,7,7
8211,7,7
8212,6,6
8213,0,0
8214,2,2
8215,2,2
8216,8,8
8217,5,5
8218,3,3
8219,8,8
8220,9,9
8221,2,2
8222,8,8
8223,2,2
8224,6,6
8225,7,7
8226,4,4
8227,9,9
8228,9,9
8229,6,6
8230,0,0
8231,4,4
8232,1,1
8233,1,1
8234,9,9
8235,4,4
8236,5,5
8237,7,7
8238,4,4
8239,9,9
8240,1,1
8241,6,6
8242,6,6
8243,0,0
8244,8,8
8245,3,3
8246,9,9
8247,8,8
8248,9,9
8249,6,6
8250,6,6
8251,0,0
8252,8,8
8253,4,4
8254,2,2
8255,3,3
8256,9,9
8257,3,3
8258,6,6
8259,0,0
8260,2,2
8261,3,3
8262,1,1
8263,9,9
8264,8,8
8265,1,1
8266,1,1
8267,7,7
8268,5,5
8269,9,9
8270,1,1
8271,3,3
8272,7,7
8273,4,4
8274,4,4
8275,3,3
8276,9,9
8277,9,9
8278,2,2
8279,4,4
8280,8,8
8281,2,2
8282,1,1
8283,9,9
8284,0,0
8285,0,0
8286,6,6
8287,5,5
8288,8,8
8289,1,1
8290,6,6
8291,7,7
8292,2,2
8293,7,7
8294,8,8
8295,7,7
8296,2,2
8297,6,6
8298,3,3
8299,5,5
8300,6,6
8301,7,7
8302,2,2
8303,5,5
8304,1,1
8305,5,5
8306,3,3
8307,8,8
8308,8,8
8309,2,2
8310,1,1
8311,0,0
8312,7,7
8313,6,6
8314,7,7
8315,6,6
8316,4,4
8317,3,3
8318,3,3
8319,2,2
8320,7,7
8321,1,1
8322,4,4
8323,1,1
8324,3,5
8325,0,0
8326,2,2
8327,4,1
8328,0,0
8329,3,3
8330,6,6
8331,9,9
8332,1,1
8333,6,6
8334,8,8
8335,1,1
8336,6,6
8337,3,3
8338,4,4
8339,7,7
8340,9,9
8341,6,6
8342,5,5
8343,5,5
8344,3,3
8345,6,6
8346,6,6
8347,1,1
8348,4,4
8349,9,9
8350,4,4
8351,4,4
8352,8,8
8353,1,1
8354,5,5
8355,3,3
8356,4,4
8357,7,7
8358,3,3
8359,9,9
8360,9,9
8361,9,9
8362,4,4
8363,6,6
8364,1,1
8365,8,8
8366,1,1
8367,9,9
8368,5,5
8369,9,9
8370,6,6
8371,1,1
8372,0,0
8373,8,8
8374,7,7
8375,6,6
8376,4,4
8377,4,4
8378,6,6
8379,2,2
8380,3,3
8381,9,9
8382,0,0
8383,6,6
8384,3,3
8385,2,2
8386,9,9
8387,2,2
8388,1,1
8389,9,9
8390,6,6
8391,5,5
8392,2,2
8393,8,8
8394,9,9
8395,3,3
8396,2,2
8397,0,0
8398,3,3
8399,1,1
